id,character_id,nature_type_1,nature_type_2,nature_type_3,nature_type_4,nature_type_5,nature_type_6,nature_type_7,nature_type_8,nature_type_9,nature_type_10,nature_type_11
1,1344,Wind Release  (Affinity),Lightning Release,Earth Release,Water Release,Fire Release,Lava Release,Magnet Release,Boil Release,Yin Release,Yang Release,Yin–Yang Release
2,1307,Lightning Release  (Affinity; Anime only),Fire Release,Wind Release,Earth Release,Water Release,Yin Release,,,,,
3,1299,Fire Release,Wind Release,Lightning Release,Earth Release,Water Release,Wood Release,Storm Release,Yin Release,Yang Release,Yin–Yang Release,
4,376,Lightning Release  (Affinity),Earth Release,Water Release,Fire Release,Wind Release,Yin Release,Yang Release,,,,
5,928,Wind Release,Lightning Release,Earth Release,Water Release,Fire Release,Wood Release,Yin Release,Yang Release,,,
6,1303,Fire Release,Wind Release,Lightning Release,Earth Release,Water Release,Wood Release,Yin Release,Yang Release,Yin–Yang Release,,
7,259,Magnet Release  (Novel only),Wind Release,Earth Release,Lightning Release,,,,,,,
8,1359,Earth Release,Water Release,Wind Release,Yin Release,Yang Release,,,,,,
9,515,Fire Release,Wind Release,Earth Release,Water Release,Yin Release,Yang Release,,,,,
10,1373,Wood Release,Earth Release,Water Release,Yang Release,,,,,,,
11,344,Fire Release,Lightning Release,,,,,,,,,
12,1037,Fire Release,Wind Release,Lightning Release  (Anime only),Yang Release,,,,,,,
13,813,Wind Release,Lightning Release,,,,,,,,,
14,865,Fire Release,Wind Release,Lightning Release,Yin Release,Yang Release,,,,,,
15,1339,Lightning Release  (Affinity),Wind Release,Water Release,,,,,,,,
16,1293,Fire Release,Wind Release,Water Release,Yin Release,Yang Release,,,,,,
17,1063,Wood Release,Earth Release,Water Release,Fire Release,Wind Release,Lightning Release,Yin Release,Yang Release,,,
18,1280,Lightning Release,Earth Release,Water Release,Fire Release,Yin Release  (Anime only),Yang Release,,,,,
19,739,,,,,,,,,,,
20,600,Fire Release,Earth Release,Yin Release,,,,,,,,
21,935,Fire Release,Wind Release,Lightning Release,Earth Release,Water Release,Yin Release,Yang Release,Yin–Yang Release,,,
22,1306,Lightning Release,Fire Release,Wind Release  (Anime only),Yin Release,,,,,,,
23,374,Earth Release,Water Release,Fire Release  (Novel only),Yin Release,Yang Release,,,,,,
24,1036,Fire Release,Wind Release,Lightning Release,Earth Release,Water Release,Yin Release,Yang Release,,,,
25,636,Lightning Release,Water Release,Fire Release,Yang Release,,,,,,,
26,222,Earth Release,,,,,,,,,,
27,1066,Water Release,Fire Release,Wind Release,Lightning Release,Earth Release,Yin Release,Yang Release,,,,
28,1100,Magnet Release,Wind Release,Earth Release,Lightning Release  (Anime only),,,,,,,
29,13,Earth Release,Fire Release,Yang Release,,,,,,,,
30,1216,,,,,,,,,,,
31,945,Wind Release,Lightning Release,Earth Release,Fire Release,Yin Release,,,,,,
32,1093,Wind Release,Earth Release,Water Release,Fire Release,Wood Release,Yin Release,Yang Release,,,,
33,1335,Water Release,,,,,,,,,,
34,40,Earth Release,Fire Release,Yang Release,,,,,,,,
35,437,Fire Release,Lightning Release,,,,,,,,,
36,1365,Earth Release,Water Release,Fire Release  (Anime only),Yin Release,Yang Release,,,,,,
37,193,Explosion Release,Earth Release,Lightning Release,,,,,,,,
38,421,Water Release,Fire Release,Wind Release,Earth Release,,,,,,,
39,148,,,,,,,,,,,
40,6,Lightning Release,Earth Release,Water Release,,,,,,,,
41,466,Earth Release,Yang Release,,,,,,,,,
42,1208,Wind Release,,,,,,,,,,
43,940,Fire Release,Wind Release,Lightning Release,Earth Release,Water Release,Yin Release,Yang Release,Yin–Yang Release,,,
44,1400,Earth Release,,,,,,,,,,
45,878,Fire Release,Earth Release,Yin Release,,,,,,,,
46,104,Water Release,,,,,,,,,,
47,1042,,,,,,,,,,,
48,29,,,,,,,,,,,
49,521,Wind Release,Earth Release,Water Release,Yang Release,,,,,,,
50,480,Water Release,Yin Release  (Anime only),,,,,,,,,
51,934,Wood Release  (Anime only),Wind Release,Lightning Release,Earth Release,Water Release,Fire Release,Yin Release,Yang Release,Yin–Yang Release,,
52,944,Fire Release,Wind Release,Lightning Release,Earth Release,Water Release,Yin Release,Yang Release,Yin–Yang Release,,,
53,1051,Fire Release,Yin Release,,,,,,,,,
54,1203,Yin Release,,,,,,,,,,
55,1368,,,,,,,,,,,
56,577,Wind Release,Lightning Release,Earth Release,Water Release,,,,,,,
57,1008,Earth Release,Water Release,Fire Release,Yang Release,,,,,,,
58,162,Wood Release,Earth Release,Water Release,,,,,,,,
59,870,Earth Release,Lightning Release,,,,,,,,,
60,876,Wind Release,Yin Release,,,,,,,,,
61,1091,Fire Release,Wind Release,Yin Release,,,,,,,,
62,1346,Wind Release  (Anime only),Lightning Release  (Anime only),Earth Release  (Anime only),Water Release  (Anime only),Fire Release  (Anime only),Yin Release,,,,,
63,430,Water Release,Wind Release,,,,,,,,,
64,25,Lightning Release,,,,,,,,,,
65,120,Lightning Release,,,,,,,,,,
66,158,Lightning Release,,,,,,,,,,
67,701,Dust Release,Earth Release,Fire Release,Wind Release,,,,,,,
68,791,Lightning Release,,,,,,,,,,
69,725,Lava Release,Fire Release,Earth Release,Water Release,Yin Release  (Novel only),,,,,,
70,809,Fire Release  (Anime only),Yin Release  (Anime only),,,,,,,,,
71,414,Fire Release,Water Release,Yin Release,,,,,,,,
72,920,Lightning Release,,,,,,,,,,
73,1,Fire Release,Wind Release,Lightning Release,Earth Release,Water Release,Wood Release,Yin Release,Yang Release,Yin–Yang Release,,
74,230,Wind Release,Water Release  (Anime only),Yin Release,,,,,,,,
75,240,Water Release,,,,,,,,,,
76,549,Wind Release,Fire Release,,,,,,,,,
77,609,Fire Release,,,,,,,,,,
78,831,Water Release,,,,,,,,,,
79,1009,Water Release,,,,,,,,,,
80,1127,Magnet Release,Wind Release,Earth Release,,,,,,,,
81,1143,Water Release,,,,,,,,,,
82,1367,Water Release,,,,,,,,,,
83,190,Storm Release,Lightning Release,Water Release,Wind Release,,,,,,,
84,1122,,,,,,,,,,,
85,42,Yang Release,,,,,,,,,,
86,127,Wind Release,,,,,,,,,,
87,153,,,,,,,,,,,
88,274,Fire Release,,,,,,,,,,
89,422,Water Release,,,,,,,,,,
90,546,Water Release,,,,,,,,,,
91,684,Wind Release,Earth Release,Water Release,Yang Release,,,,,,,
92,669,Boil Release,Fire Release,Water Release,,,,,,,,
93,723,Lightning Release,,,,,,,,,,
94,724,Lightning Release  (Anime only),Water Release  (Anime only),,,,,,,,,
95,765,Water Release,Earth Release,Yin Release,,,,,,,,
96,936,Fire Release,Wind Release,Lightning Release,Earth Release,Water Release,Yin Release,Yang Release,Yin–Yang Release,,,
97,1034,Wind Release  (Affinity),Fire Release,,,,,,,,,
98,1104,,,,,,,,,,,
99,1165,Earth Release,,,,,,,,,,
100,152,Water Release  (Anime only),,,,,,,,,,
101,266,Water Release,Fire Release  (Anime only),,,,,,,,,
102,593,Earth Release,Water Release,Yin Release,Yang Release,,,,,,,
103,531,Earth Release,Fire Release,,,,,,,,,
104,591,Water Release,Wind Release  (Anime only),,,,,,,,,
105,622,Wind Release,Earth Release,,,,,,,,,
106,720,,,,,,,,,,,
107,794,,,,,,,,,,,
108,818,Earth Release  (Anime only),Yin Release  (Anime only),,,,,,,,,
109,860,Earth Release,,,,,,,,,,
110,851,,,,,,,,,,,
111,1038,Wind Release  (Affinity; Anime only),Fire Release,Lightning Release  (Anime only),Yin Release,,,,,,,
112,1109,,,,,,,,,,,
113,1134,Lava Release,Fire Release,Earth Release,,,,,,,,
114,1120,Fire Release  (While chakra enhanced),Water Release  (While chakra enhanced),,,,,,,,,
115,1123,Wind Release,Lightning Release  (Anime only),,,,,,,,,
116,1310,Fire Release,Wind Release,Lightning Release,Yin Release,,,,,,,
117,1426,Wood Release,Earth Release,Water Release,Fire Release,Wind Release,Lightning Release,Yin Release,Yang Release,,,
118,1279,Lightning Release,,,,,,,,,,
119,5,Lightning Release,Earth Release,Fire Release,,,,,,,,
120,15,,,,,,,,,,,
121,72,Earth Release,,,,,,,,,,
122,124,Lightning Release  (Anime only),,,,,,,,,,
123,161,,,,,,,,,,,
124,192,Yin Release,,,,,,,,,,
125,224,Earth Release,Yin Release,,,,,,,,,
126,261,Water Release,,,,,,,,,,
127,271,Water Release  (Anime only),,,,,,,,,,
128,327,Earth Release  (While chakra enhanced),Fire Release  (While chakra enhanced),,,,,,,,,
129,363,Boil Release,Fire Release,Water Release,,,,,,,,
130,356,Ice Release,Wind Release,Water Release,,,,,,,,
131,574,Water Release,Yin Release,,,,,,,,,
132,568,Lightning Release,,,,,,,,,,
133,628,Fire Release,,,,,,,,,,
134,635,Fire Release,Yin Release,,,,,,,,,
135,719,,,,,,,,,,,
136,718,Water Release,Yin Release,,,,,,,,,
137,844,Dust Release,Earth Release,Water Release,Fire Release,Wind Release,Lightning Release,Yang Release,,,,
138,845,Earth Release,Yin Release,Water Release  (Anime only),,,,,,,,
139,847,Fire Release,,,,,,,,,,
140,854,Water Release,Yin Release  (Novel only),,,,,,,,,
141,939,Yin Release,Fire Release  (Anime only),,,,,,,,,
142,975,Lightning Release  (Anime only),,,,,,,,,,
143,1055,Earth Release,,,,,,,,,,
144,1082,Water Release,,,,,,,,,,
145,1135,Wind Release,,,,,,,,,,
146,1144,Fire Release,,,,,,,,,,
147,1337,,,,,,,,,,,
148,80,Water Release,Yin Release,,,,,,,,,
149,62,Water Release,,,,,,,,,,
150,55,Water Release,,,,,,,,,,
151,125,Lava Release,Fire Release,Earth Release,Water Release,Yin Release,,,,,,
152,119,Fire Release,,,,,,,,,,
153,143,,,,,,,,,,,
154,159,Yin Release,,,,,,,,,,
155,199,Lava Release,Fire Release,Earth Release,,,,,,,,
156,293,,,,,,,,,,,
157,328,,,,,,,,,,,
158,339,Earth Release,,,,,,,,,,
159,368,Fire Release,,,,,,,,,,
160,404,,,,,,,,,,,
161,413,,,,,,,,,,,
162,450,,,,,,,,,,,
163,553,Dust Release,Earth Release,Fire Release,Wind Release,,,,,,,
164,598,Lava Release,Fire Release,Earth Release,,,,,,,,
165,608,,,,,,,,,,,
166,649,Water Release,Lightning Release  (Novel only),,,,,,,,,
167,668,,,,,,,,,,,
168,704,Wind Release,,,,,,,,,,
169,757,Earth Release,,,,,,,,,,
170,912,Lightning Release,Yin Release,,,,,,,,,
171,909,Water Release,,,,,,,,,,
172,938,Fire Release  (Anime only),Lightning Release  (Anime only),Yin Release,,,,,,,,
173,967,Magnet Release,Wind Release,Earth Release,Water Release,Yin Release,,,,,,
174,986,Ice Release,Wind Release,Water Release,,,,,,,,
175,1003,Earth Release,,,,,,,,,,
176,1048,,,,,,,,,,,
177,1074,Wind Release  (While chakra enhanced),,,,,,,,,,
178,1115,,,,,,,,,,,
179,1166,Water Release  (Anime only),,,,,,,,,,
180,1179,Earth Release,,,,,,,,,,
181,1197,,,,,,,,,,,
182,1274,Yin Release,,,,,,,,,,
183,1342,,,,,,,,,,,
184,1345,,,,,,,,,,,
185,1364,,,,,,,,,,,
186,1427,Lightning Release,Fire Release  (Anime only),Yin Release  (Anime only),,,,,,,,
187,63,Mud Release,Earth Release,Water Release,,,,,,,,
188,835,,,,,,,,,,,
189,1325,Fire Release,Water Release,Yin Release,,,,,,,,
190,38,Yang Release,,,,,,,,,,
191,46,Yang Release,,,,,,,,,,
192,57,,,,,,,,,,,
193,58,Lightning Release,,,,,,,,,,
194,73,Water Release  (Anime only),,,,,,,,,,
195,77,Fire Release,,,,,,,,,,
196,133,,,,,,,,,,,
197,146,,,,,,,,,,,
198,157,Water Release  (Anime only),,,,,,,,,,
199,160,Water Release,Yin Release,,,,,,,,,
200,206,Earth Release,Yin Release,,,,,,,,,
201,247,Water Release,,,,,,,,,,
202,267,Water Release  (Anime only),,,,,,,,,,
203,269,Water Release,Yin Release,,,,,,,,,
204,297,Yin Release,,,,,,,,,,
205,302,Yin Release,,,,,,,,,,
206,348,Yin Release,,,,,,,,,,
207,389,Earth Release,,,,,,,,,,
208,408,Lightning Release,Water Release,,,,,,,,,
209,429,Water Release,,,,,,,,,,
210,468,,,,,,,,,,,
211,463,,,,,,,,,,,
212,483,,,,,,,,,,,
213,507,,,,,,,,,,,
214,509,,,,,,,,,,,
215,537,Yin Release,,,,,,,,,,
216,571,Water Release,,,,,,,,,,
217,621,Magnet Release,Wind Release,Earth Release,,,,,,,,
218,674,,,,,,,,,,,
219,716,,,,,,,,,,,
220,717,,,,,,,,,,,
221,754,,,,,,,,,,,
222,780,Yin Release,,,,,,,,,,
223,834,,,,,,,,,,,
224,846,Earth Release,,,,,,,,,,
225,852,Fire Release,,,,,,,,,,
226,857,Earth Release,,,,,,,,,,
227,873,Yin Release,,,,,,,,,,
228,923,,,,,,,,,,,
229,965,,,,,,,,,,,
230,979,Ice Release,,,,,,,,,,
231,984,Water Release,,,,,,,,,,
232,989,,,,,,,,,,,
233,1022,,,,,,,,,,,
234,1052,Wind Release,Fire Release,,,,,,,,,
235,1054,Explosion Release,Earth Release,Lightning Release,,,,,,,,
236,1076,Earth Release,,,,,,,,,,
237,1145,,,,,,,,,,,
238,1147,Water Release,,,,,,,,,,
239,1214,,,,,,,,,,,
240,1215,,,,,,,,,,,
241,1260,,,,,,,,,,,
242,1276,Lightning Release,,,,,,,,,,
243,1382,,,,,,,,,,,
244,1369,,,,,,,,,,,
245,1411,Fire Release,,,,,,,,,,
246,630,Water Release,,,,,,,,,,
247,664,,,,,,,,,,,
248,435,,,,,,,,,,,
249,436,,,,,,,,,,,
250,444,Fire Release,Earth Release,Water Release,,,,,,,,
251,1223,Lava Release,Boil Release,Water Release,Fire Release,Lightning Release,Earth Release,,,,,
252,1336,,,,,,,,,,,
253,1397,Yin Release,,,,,,,,,,
254,10,,,,,,,,,,,
255,48,,,,,,,,,,,
256,87,,,,,,,,,,,
257,90,Water Release,,,,,,,,,,
258,106,,,,,,,,,,,
259,131,,,,,,,,,,,
260,113,Wind Release,,,,,,,,,,
261,116,Wind Release,,,,,,,,,,
262,129,,,,,,,,,,,
263,121,,,,,,,,,,,
264,122,Water Release  (Anime only),,,,,,,,,,
265,138,,,,,,,,,,,
266,195,,,,,,,,,,,
267,198,,,,,,,,,,,
268,218,,,,,,,,,,,
269,244,Water Release,,,,,,,,,,
270,246,,,,,,,,,,,
271,257,,,,,,,,,,,
272,258,,,,,,,,,,,
273,288,Water Release,Yin Release,,,,,,,,,
274,335,,,,,,,,,,,
275,343,,,,,,,,,,,
276,345,,,,,,,,,,,
277,347,Water Release,,,,,,,,,,
278,351,,,,,,,,,,,
279,375,Water Release,,,,,,,,,,
280,381,Fire Release,Yin Release,,,,,,,,,
281,409,Water Release  (Novel only),,,,,,,,,,
282,418,,,,,,,,,,,
283,405,Water Release,,,,,,,,,,
284,415,Wind Release,Fire Release,,,,,,,,,
285,439,,,,,,,,,,,
286,448,,,,,,,,,,,
287,475,Water Release,,,,,,,,,,
288,465,,,,,,,,,,,
289,485,Earth Release,,,,,,,,,,
290,488,Earth Release,,,,,,,,,,
291,517,Earth Release,,,,,,,,,,
292,511,,,,,,,,,,,
293,512,Earth Release,,,,,,,,,,
294,522,,,,,,,,,,,
295,555,Lightning Release,,,,,,,,,,
296,557,Ice Release,,,,,,,,,,
297,552,Earth Release,Yin Release,,,,,,,,,
298,558,Earth Release,Water Release,Fire Release,Wind Release,Lightning Release,,,,,,
299,570,,,,,,,,,,,
300,578,,,,,,,,,,,
301,590,Water Release  (Anime only),,,,,,,,,,
302,615,Ice Release,,,,,,,,,,
303,626,,,,,,,,,,,
304,629,,,,,,,,,,,
305,637,,,,,,,,,,,
306,651,Lightning Release,,,,,,,,,,
307,652,,,,,,,,,,,
308,672,,,,,,,,,,,
309,713,Yin Release,,,,,,,,,,
310,721,,,,,,,,,,,
311,744,,,,,,,,,,,
312,753,Earth Release,,,,,,,,,,
313,758,,,,,,,,,,,
314,761,,,,,,,,,,,
315,764,Lightning Release,Water Release,,,,,,,,,
316,766,Lightning Release,,,,,,,,,,
317,781,,,,,,,,,,,
318,824,,,,,,,,,,,
319,829,,,,,,,,,,,
320,833,Earth Release,,,,,,,,,,
321,849,Fire Release,,,,,,,,,,
322,853,,,,,,,,,,,
323,861,Fire Release,Wind Release,Lightning Release,Earth Release,Water Release,Yang Release,,,,,
324,903,Fire Release,Water Release,Yang Release,,,,,,,,
325,916,,,,,,,,,,,
326,907,Typhoon Release,Wind Release,,,,,,,,,
327,908,Wood Release,Earth Release,Water Release,,,,,,,,
328,949,,,,,,,,,,,
329,966,Yin Release,,,,,,,,,,
330,977,,,,,,,,,,,
331,981,Water Release,,,,,,,,,,
332,976,,,,,,,,,,,
333,997,Fire Release,,,,,,,,,,
334,999,,,,,,,,,,,
335,1015,,,,,,,,,,,
336,1047,,,,,,,,,,,
337,1050,,,,,,,,,,,
338,1079,,,,,,,,,,,
339,1158,Water Release,,,,,,,,,,
340,1202,Water Release,Wind Release,Earth Release,Lightning Release,Fire Release,,,,,,
341,1210,,,,,,,,,,,
342,1245,,,,,,,,,,,
343,1255,Magnet Release,Wind Release,Earth Release,,,,,,,,
344,1265,Yin Release  (Anime only),,,,,,,,,,
345,1289,Fire Release,Yin Release  (Anime only),,,,,,,,,
346,1296,Fire Release  (Anime only),Yin Release  (Anime only),,,,,,,,,
347,1309,,,,,,,,,,,
348,1313,Yin Release  (Novel only),,,,,,,,,,
349,1330,Wind Release,,,,,,,,,,
350,1320,,,,,,,,,,,
351,1323,Water Release,,,,,,,,,,
352,1333,,,,,,,,,,,
353,1341,Wind Release,Water Release,Yin Release,,,,,,,,
354,1370,,,,,,,,,,,
355,1374,Wind Release,,,,,,,,,,
356,1383,,,,,,,,,,,
357,1385,,,,,,,,,,,
358,1356,Water Release,Fire Release,Wind Release,,,,,,,,
359,1389,,,,,,,,,,,
360,1405,Water Release,,,,,,,,,,
361,540,Ice Release,Wind Release,Water Release,,,,,,,,
362,660,Yin Release,,,,,,,,,,
363,661,Yin Release,,,,,,,,,,
364,688,Steel Release,Yin Release,,,,,,,,,
365,711,Fire Release  (Anime only),Wind Release  (Anime only),,,,,,,,,
366,752,,,,,,,,,,,
367,958,Ice Release,Wind Release,Water Release,,,,,,,,
368,1084,Water Release,,,,,,,,,,
369,35,Earth Release,,,,,,,,,,
370,99,,,,,,,,,,,
371,477,Water Release  (Anime only),,,,,,,,,,
372,596,Lightning Release  (Anime only),,,,,,,,,,
373,618,Wood Release,Earth Release,Water Release,,,,,,,,
374,774,Wind Release  (Anime only),,,,,,,,,,
375,925,Dust Release,Lava Release  (Novel only),Earth Release,Fire Release,Wind Release,Lightning Release,Yang Release,,,,
376,1321,Lightning Release,Wind Release,Yin Release,,,,,,,,
377,0,,,,,,,,,,,
378,8,,,,,,,,,,,
379,9,,,,,,,,,,,
380,11,,,,,,,,,,,
381,14,,,,,,,,,,,
382,24,,,,,,,,,,,
383,27,Water Release  (Anime only),Yin Release  (Anime only),,,,,,,,,
384,28,,,,,,,,,,,
385,36,,,,,,,,,,,
386,39,Lightning Release,Yang Release,,,,,,,,,
387,43,Yang Release,,,,,,,,,,
388,44,Yang Release,,,,,,,,,,
389,45,Yang Release,,,,,,,,,,
390,47,Yang Release,,,,,,,,,,
391,52,Lightning Release,,,,,,,,,,
392,54,Water Release,,,,,,,,,,
393,59,,,,,,,,,,,
394,68,Water Release,,,,,,,,,,
395,71,Wind Release,,,,,,,,,,
396,79,Earth Release,,,,,,,,,,
397,88,,,,,,,,,,,
398,100,Fire Release,,,,,,,,,,
399,107,Wind Release,,,,,,,,,,
400,112,,,,,,,,,,,
401,117,,,,,,,,,,,
402,123,Yin Release,,,,,,,,,,
403,135,Lightning Release,Yin Release,,,,,,,,,
404,140,,,,,,,,,,,
405,145,Water Release,Yin Release,,,,,,,,,
406,156,,,,,,,,,,,
407,163,,,,,,,,,,,
408,165,,,,,,,,,,,
409,166,Water Release,,,,,,,,,,
410,170,Earth Release,,,,,,,,,,
411,191,Water Release,,,,,,,,,,
412,194,Yin Release,,,,,,,,,,
413,203,,,,,,,,,,,
414,210,,,,,,,,,,,
415,212,Fire Release  (Anime only),,,,,,,,,,
416,217,,,,,,,,,,,
417,221,,,,,,,,,,,
418,225,,,,,,,,,,,
419,226,,,,,,,,,,,
420,242,Water Release,,,,,,,,,,
421,255,,,,,,,,,,,
422,256,Boil Release,Fire Release,Water Release,,,,,,,,
423,260,,,,,,,,,,,
424,265,,,,,,,,,,,
425,273,,,,,,,,,,,
426,281,Earth Release,,,,,,,,,,
427,282,Explosion Release,Earth Release,Lightning Release,,,,,,,,
428,229,Fire Release,Wind Release,Lightning Release,Earth Release,Water Release,,,,,,
429,292,Yin Release,,,,,,,,,,
430,294,,,,,,,,,,,
431,308,,,,,,,,,,,
432,310,Yin Release,,,,,,,,,,
433,312,Water Release,,,,,,,,,,
434,313,,,,,,,,,,,
435,329,Water Release,,,,,,,,,,
436,331,Water Release,,,,,,,,,,
437,336,,,,,,,,,,,
438,338,Water Release,,,,,,,,,,
439,341,Crystal Release,Earth Release  (Presumed),,,,,,,,,
440,353,,,,,,,,,,,
441,365,,,,,,,,,,,
442,373,,,,,,,,,,,
443,377,,,,,,,,,,,
444,378,,,,,,,,,,,
445,382,,,,,,,,,,,
446,383,,,,,,,,,,,
447,388,,,,,,,,,,,
448,391,,,,,,,,,,,
449,397,,,,,,,,,,,
450,401,,,,,,,,,,,
451,406,Wind Release,Lightning Release,Earth Release,Water Release,Dark Release,Steel Release,Storm Release,Swift Release,,,
452,417,,,,,,,,,,,
453,419,,,,,,,,,,,
454,428,Water Release,Fire Release,Lightning Release,Earth Release,Yin Release,Yang Release,,,,,
455,432,,,,,,,,,,,
456,449,,,,,,,,,,,
457,469,,,,,,,,,,,
458,470,Earth Release,,,,,,,,,,
459,479,Earth Release,,,,,,,,,,
460,491,,,,,,,,,,,
461,493,Earth Release,,,,,,,,,,
462,494,,,,,,,,,,,
463,499,,,,,,,,,,,
464,504,,,,,,,,,,,
465,508,Water Release,,,,,,,,,,
466,510,,,,,,,,,,,
467,426,Water Release,,,,,,,,,,
468,427,,,,,,,,,,,
469,526,Earth Release,Yin Release,Water Release  (Anime only),,,,,,,,
470,542,,,,,,,,,,,
471,550,Water Release,,,,,,,,,,
472,554,Water Release,,,,,,,,,,
473,556,,,,,,,,,,,
474,587,Lightning Release,,,,,,,,,,
475,592,Yin Release,,,,,,,,,,
476,624,Water Release,,,,,,,,,,
477,605,Fire Release,Wind Release,Earth Release,Yin Release,Yang Release,,,,,,
478,610,,,,,,,,,,,
479,619,Wind Release,,,,,,,,,,
480,641,,,,,,,,,,,
481,644,,,,,,,,,,,
482,646,,,,,,,,,,,
483,653,Earth Release,,,,,,,,,,
484,655,Water Release,,,,,,,,,,
485,665,,,,,,,,,,,
486,682,,,,,,,,,,,
487,689,,,,,,,,,,,
488,692,,,,,,,,,,,
489,699,,,,,,,,,,,
490,702,,,,,,,,,,,
491,722,Water Release,,,,,,,,,,
492,729,Water Release,,,,,,,,,,
493,732,,,,,,,,,,,
494,733,,,,,,,,,,,
495,734,,,,,,,,,,,
496,736,Lava Release  (Anime only),Fire Release  (Anime only),Earth Release  (Anime only),,,,,,,,
497,738,,,,,,,,,,,
498,749,,,,,,,,,,,
499,771,Fire Release,,,,,,,,,,
500,776,Wind Release,,,,,,,,,,
501,777,,,,,,,,,,,
502,779,Water Release,,,,,,,,,,
503,806,,,,,,,,,,,
504,810,Yin Release  (Anime Only),,,,,,,,,,
505,832,,,,,,,,,,,
506,840,Lightning Release  (Anime only),,,,,,,,,,
507,841,,,,,,,,,,,
508,842,,,,,,,,,,,
509,863,,,,,,,,,,,
510,864,,,,,,,,,,,
511,868,,,,,,,,,,,
512,871,Yin Release,,,,,,,,,,
513,874,Yin Release,,,,,,,,,,
514,875,Yin Release,,,,,,,,,,
515,877,Yin Release,,,,,,,,,,
516,879,Yin Release,,,,,,,,,,
517,880,,,,,,,,,,,
518,884,,,,,,,,,,,
519,885,Lightning Release,,,,,,,,,,
520,891,Yin Release,,,,,,,,,,
521,895,,,,,,,,,,,
522,897,Lightning Release,,,,,,,,,,
523,898,Fire Release,,,,,,,,,,
524,901,,,,,,,,,,,
525,905,,,,,,,,,,,
526,911,Earth Release,Yin Release,Water Release  (Anime only),,,,,,,,
527,917,Fire Release,,,,,,,,,,
528,933,,,,,,,,,,,
529,941,Lightning Release,,,,,,,,,,
530,942,Wind Release,Lightning Release,Earth Release,Water Release,Fire Release,Yin Release,Wood Release  (Novel only),,,,
531,943,,,,,,,,,,,
532,947,,,,,,,,,,,
533,950,Scorch Release,Fire Release,Wind Release,,,,,,,,
534,955,,,,,,,,,,,
535,970,,,,,,,,,,,
536,973,,,,,,,,,,,
537,980,,,,,,,,,,,
538,983,Lava Release,Fire Release,Earth Release,,,,,,,,
539,985,Water Release,,,,,,,,,,
540,988,,,,,,,,,,,
541,990,,,,,,,,,,,
542,991,,,,,,,,,,,
543,992,,,,,,,,,,,
544,998,,,,,,,,,,,
545,1000,,,,,,,,,,,
546,1005,,,,,,,,,,,
547,1012,,,,,,,,,,,
548,1017,Water Release,,,,,,,,,,
549,1020,,,,,,,,,,,
550,1027,Yin Release,,,,,,,,,,
551,1028,Water Release,,,,,,,,,,
552,1029,,,,,,,,,,,
553,1049,,,,,,,,,,,
554,1053,Lightning Release,,,,,,,,,,
555,1058,Earth Release,,,,,,,,,,
556,1059,Yin Release,,,,,,,,,,
557,1068,,,,,,,,,,,
558,1069,,,,,,,,,,,
559,1070,,,,,,,,,,,
560,1073,,,,,,,,,,,
561,1077,,,,,,,,,,,
562,1083,,,,,,,,,,,
563,1085,,,,,,,,,,,
564,1087,Yin Release,,,,,,,,,,
565,1094,,,,,,,,,,,
566,1098,Yin Release,,,,,,,,,,
567,1101,,,,,,,,,,,
568,1106,,,,,,,,,,,
569,1108,Wind Release,,,,,,,,,,
570,1110,,,,,,,,,,,
571,1116,,,,,,,,,,,
572,1119,Wind Release,,,,,,,,,,
573,1129,,,,,,,,,,,
574,1142,,,,,,,,,,,
575,1149,Water Release,,,,,,,,,,
576,1154,,,,,,,,,,,
577,1155,Earth Release,,,,,,,,,,
578,1173,,,,,,,,,,,
579,1174,,,,,,,,,,,
580,1192,,,,,,,,,,,
581,1195,,,,,,,,,,,
582,1196,,,,,,,,,,,
583,1200,Water Release,,,,,,,,,,
584,1205,Wind Release,Yin Release,,,,,,,,,
585,1211,,,,,,,,,,,
586,1229,Wood Release,Earth Release,Water Release,Fire Release,Wind Release,Lightning Release,,,,,
587,1232,,,,,,,,,,,
588,1240,,,,,,,,,,,
589,1242,Earth Release,,,,,,,,,,
590,1247,,,,,,,,,,,
591,1256,Lightning Release  (Anime only),,,,,,,,,,
592,1259,Lightning Release,,,,,,,,,,
593,1270,,,,,,,,,,,
594,1282,Water Release,,,,,,,,,,
595,1283,Water Release  (Anime only),,,,,,,,,,
596,1288,Yin Release,Yang Release,,,,,,,,,
597,1301,Yin Release,Yang Release,,,,,,,,,
598,1302,Yin Release,,,,,,,,,,
599,1305,Yin Release,Yang Release,,,,,,,,,
600,1338,,,,,,,,,,,
601,1340,,,,,,,,,,,
602,1343,,,,,,,,,,,
603,1350,,,,,,,,,,,
604,1353,Yin Release  (Anime only),,,,,,,,,,
605,1361,,,,,,,,,,,
606,1362,,,,,,,,,,,
607,1372,Fire Release  (Anime only),,,,,,,,,,
608,1375,,,,,,,,,,,
609,1376,,,,,,,,,,,
610,1377,,,,,,,,,,,
611,1386,,,,,,,,,,,
612,1387,,,,,,,,,,,
613,1390,,,,,,,,,,,
614,1391,,,,,,,,,,,
615,1394,,,,,,,,,,,
616,1396,,,,,,,,,,,
617,1401,Lightning Release,,,,,,,,,,
618,1413,,,,,,,,,,,
619,1418,,,,,,,,,,,
620,1425,Wood Release,Earth Release,Water Release,Fire Release,Wind Release,Lightning Release,Yin Release,Yang Release,,,
621,1428,,,,,,,,,,,
622,12,,,,,,,,,,,
623,16,,,,,,,,,,,
624,286,Lightning Release,,,,,,,,,,
625,359,Ice Release,Wind Release,Water Release,,,,,,,,
626,362,Wind Release,,,,,,,,,,
627,548,Magnet Release,Wind Release,Lightning Release,Earth Release,,,,,,,
628,657,Lightning Release,,,,,,,,,,
629,687,Lava Release,Fire Release,Earth Release,Yin Release,,,,,,,
630,56,,,,,,,,,,,
631,778,,,,,,,,,,,
632,1061,Water Release,,,,,,,,,,
633,1088,Wind Release,,,,,,,,,,
634,1237,Wind Release,Yin Release,,,,,,,,,
635,31,,,,,,,,,,,
636,78,,,,,,,,,,,
637,126,,,,,,,,,,,
638,431,,,,,,,,,,,
639,458,,,,,,,,,,,
640,602,,,,,,,,,,,
641,663,,,,,,,,,,,
642,762,,,,,,,,,,,
643,811,,,,,,,,,,,
644,881,,,,,,,,,,,
645,888,,,,,,,,,,,
646,956,,,,,,,,,,,
647,1183,,,,,,,,,,,
648,1412,,,,,,,,,,,
649,2,,,,,,,,,,,
650,3,,,,,,,,,,,
651,4,,,,,,,,,,,
652,7,,,,,,,,,,,
653,17,,,,,,,,,,,
654,18,,,,,,,,,,,
655,19,,,,,,,,,,,
656,20,,,,,,,,,,,
657,21,,,,,,,,,,,
658,22,,,,,,,,,,,
659,23,,,,,,,,,,,
660,26,,,,,,,,,,,
661,30,,,,,,,,,,,
662,33,,,,,,,,,,,
663,34,,,,,,,,,,,
664,37,,,,,,,,,,,
665,41,,,,,,,,,,,
666,49,,,,,,,,,,,
667,50,,,,,,,,,,,
668,51,,,,,,,,,,,
669,60,,,,,,,,,,,
670,61,,,,,,,,,,,
671,64,,,,,,,,,,,
672,65,,,,,,,,,,,
673,66,,,,,,,,,,,
674,69,,,,,,,,,,,
675,70,,,,,,,,,,,
676,74,,,,,,,,,,,
677,75,,,,,,,,,,,
678,76,,,,,,,,,,,
679,81,,,,,,,,,,,
680,82,,,,,,,,,,,
681,83,Water Release,,,,,,,,,,
682,84,,,,,,,,,,,
683,85,,,,,,,,,,,
684,89,,,,,,,,,,,
685,91,,,,,,,,,,,
686,92,,,,,,,,,,,
687,93,,,,,,,,,,,
688,94,,,,,,,,,,,
689,96,,,,,,,,,,,
690,97,,,,,,,,,,,
691,98,,,,,,,,,,,
692,101,,,,,,,,,,,
693,102,,,,,,,,,,,
694,103,,,,,,,,,,,
695,105,,,,,,,,,,,
696,108,,,,,,,,,,,
697,109,,,,,,,,,,,
698,110,,,,,,,,,,,
699,111,,,,,,,,,,,
700,114,,,,,,,,,,,
701,115,,,,,,,,,,,
702,118,,,,,,,,,,,
703,128,,,,,,,,,,,
704,130,,,,,,,,,,,
705,132,,,,,,,,,,,
706,134,,,,,,,,,,,
707,136,,,,,,,,,,,
708,137,,,,,,,,,,,
709,139,,,,,,,,,,,
710,141,,,,,,,,,,,
711,144,,,,,,,,,,,
712,147,,,,,,,,,,,
713,149,,,,,,,,,,,
714,150,,,,,,,,,,,
715,151,,,,,,,,,,,
716,154,,,,,,,,,,,
717,155,,,,,,,,,,,
718,164,,,,,,,,,,,
719,167,,,,,,,,,,,
720,168,,,,,,,,,,,
721,169,,,,,,,,,,,
722,173,,,,,,,,,,,
723,174,,,,,,,,,,,
724,175,,,,,,,,,,,
725,176,,,,,,,,,,,
726,177,,,,,,,,,,,
727,178,,,,,,,,,,,
728,179,,,,,,,,,,,
729,180,,,,,,,,,,,
730,181,,,,,,,,,,,
731,182,,,,,,,,,,,
732,183,,,,,,,,,,,
733,184,,,,,,,,,,,
734,185,,,,,,,,,,,
735,186,,,,,,,,,,,
736,188,,,,,,,,,,,
737,196,,,,,,,,,,,
738,197,,,,,,,,,,,
739,200,,,,,,,,,,,
740,201,Yin Release,,,,,,,,,,
741,202,,,,,,,,,,,
742,204,,,,,,,,,,,
743,205,,,,,,,,,,,
744,207,,,,,,,,,,,
745,208,,,,,,,,,,,
746,209,,,,,,,,,,,
747,211,Earth Release,,,,,,,,,,
748,213,,,,,,,,,,,
749,214,,,,,,,,,,,
750,215,,,,,,,,,,,
751,216,,,,,,,,,,,
752,219,,,,,,,,,,,
753,220,,,,,,,,,,,
754,223,,,,,,,,,,,
755,227,,,,,,,,,,,
756,228,,,,,,,,,,,
757,231,,,,,,,,,,,
758,232,,,,,,,,,,,
759,233,,,,,,,,,,,
760,235,,,,,,,,,,,
761,236,Lightning Release,,,,,,,,,,
762,237,,,,,,,,,,,
763,238,,,,,,,,,,,
764,239,,,,,,,,,,,
765,241,,,,,,,,,,,
766,243,Water Release,,,,,,,,,,
767,245,,,,,,,,,,,
768,248,,,,,,,,,,,
769,249,,,,,,,,,,,
770,250,,,,,,,,,,,
771,251,Lightning Release  (Anime only),,,,,,,,,,
772,252,,,,,,,,,,,
773,253,,,,,,,,,,,
774,254,,,,,,,,,,,
775,262,,,,,,,,,,,
776,263,,,,,,,,,,,
777,264,,,,,,,,,,,
778,268,,,,,,,,,,,
779,270,,,,,,,,,,,
780,272,,,,,,,,,,,
781,275,,,,,,,,,,,
782,276,,,,,,,,,,,
783,277,,,,,,,,,,,
784,278,,,,,,,,,,,
785,279,,,,,,,,,,,
786,280,,,,,,,,,,,
787,283,,,,,,,,,,,
788,284,,,,,,,,,,,
789,287,,,,,,,,,,,
790,289,,,,,,,,,,,
791,290,,,,,,,,,,,
792,291,,,,,,,,,,,
793,295,,,,,,,,,,,
794,296,,,,,,,,,,,
795,298,,,,,,,,,,,
796,299,,,,,,,,,,,
797,300,,,,,,,,,,,
798,301,Fire Release  (Anime only),,,,,,,,,,
799,303,,,,,,,,,,,
800,304,,,,,,,,,,,
801,305,,,,,,,,,,,
802,306,,,,,,,,,,,
803,307,,,,,,,,,,,
804,309,,,,,,,,,,,
805,311,,,,,,,,,,,
806,314,,,,,,,,,,,
807,315,,,,,,,,,,,
808,316,,,,,,,,,,,
809,317,,,,,,,,,,,
810,318,,,,,,,,,,,
811,319,,,,,,,,,,,
812,320,,,,,,,,,,,
813,321,,,,,,,,,,,
814,322,,,,,,,,,,,
815,323,,,,,,,,,,,
816,324,,,,,,,,,,,
817,325,,,,,,,,,,,
818,326,,,,,,,,,,,
819,332,,,,,,,,,,,
820,333,,,,,,,,,,,
821,337,,,,,,,,,,,
822,342,,,,,,,,,,,
823,346,,,,,,,,,,,
824,350,,,,,,,,,,,
825,352,,,,,,,,,,,
826,354,,,,,,,,,,,
827,355,,,,,,,,,,,
828,357,,,,,,,,,,,
829,358,Ice Release,Wind Release,Water Release,,,,,,,,
830,360,,,,,,,,,,,
831,361,,,,,,,,,,,
832,364,,,,,,,,,,,
833,367,,,,,,,,,,,
834,369,,,,,,,,,,,
835,370,,,,,,,,,,,
836,371,,,,,,,,,,,
837,372,,,,,,,,,,,
838,379,,,,,,,,,,,
839,380,,,,,,,,,,,
840,384,,,,,,,,,,,
841,385,,,,,,,,,,,
842,386,,,,,,,,,,,
843,387,,,,,,,,,,,
844,390,,,,,,,,,,,
845,392,,,,,,,,,,,
846,393,,,,,,,,,,,
847,394,,,,,,,,,,,
848,396,,,,,,,,,,,
849,398,,,,,,,,,,,
850,399,,,,,,,,,,,
851,400,,,,,,,,,,,
852,402,,,,,,,,,,,
853,403,,,,,,,,,,,
854,407,,,,,,,,,,,
855,410,,,,,,,,,,,
856,411,,,,,,,,,,,
857,416,,,,,,,,,,,
858,420,,,,,,,,,,,
859,423,,,,,,,,,,,
860,424,,,,,,,,,,,
861,425,,,,,,,,,,,
862,433,,,,,,,,,,,
863,434,,,,,,,,,,,
864,438,,,,,,,,,,,
865,440,,,,,,,,,,,
866,441,,,,,,,,,,,
867,442,,,,,,,,,,,
868,443,,,,,,,,,,,
869,445,,,,,,,,,,,
870,446,,,,,,,,,,,
871,447,,,,,,,,,,,
872,451,,,,,,,,,,,
873,452,Yin Release,,,,,,,,,,
874,453,,,,,,,,,,,
875,455,,,,,,,,,,,
876,456,Lightning Release,,,,,,,,,,
877,457,,,,,,,,,,,
878,459,,,,,,,,,,,
879,460,,,,,,,,,,,
880,461,,,,,,,,,,,
881,462,Water Release,,,,,,,,,,
882,464,,,,,,,,,,,
883,467,,,,,,,,,,,
884,471,,,,,,,,,,,
885,472,,,,,,,,,,,
886,473,,,,,,,,,,,
887,476,,,,,,,,,,,
888,478,,,,,,,,,,,
889,481,,,,,,,,,,,
890,482,,,,,,,,,,,
891,484,,,,,,,,,,,
892,486,,,,,,,,,,,
893,487,,,,,,,,,,,
894,489,,,,,,,,,,,
895,490,,,,,,,,,,,
896,492,,,,,,,,,,,
897,495,Yin Release  (Novel only),,,,,,,,,,
898,496,,,,,,,,,,,
899,497,,,,,,,,,,,
900,498,,,,,,,,,,,
901,500,,,,,,,,,,,
902,501,,,,,,,,,,,
903,502,,,,,,,,,,,
904,503,,,,,,,,,,,
905,505,,,,,,,,,,,
906,506,,,,,,,,,,,
907,513,,,,,,,,,,,
908,514,,,,,,,,,,,
909,516,,,,,,,,,,,
910,518,,,,,,,,,,,
911,519,,,,,,,,,,,
912,520,,,,,,,,,,,
913,523,,,,,,,,,,,
914,524,,,,,,,,,,,
915,527,,,,,,,,,,,
916,528,,,,,,,,,,,
917,529,,,,,,,,,,,
918,530,,,,,,,,,,,
919,532,,,,,,,,,,,
920,533,,,,,,,,,,,
921,534,,,,,,,,,,,
922,535,,,,,,,,,,,
923,536,,,,,,,,,,,
924,538,,,,,,,,,,,
925,539,,,,,,,,,,,
926,541,,,,,,,,,,,
927,543,,,,,,,,,,,
928,544,,,,,,,,,,,
929,545,,,,,,,,,,,
930,547,,,,,,,,,,,
931,551,,,,,,,,,,,
932,559,,,,,,,,,,,
933,560,,,,,,,,,,,
934,561,,,,,,,,,,,
935,562,,,,,,,,,,,
936,563,,,,,,,,,,,
937,564,,,,,,,,,,,
938,565,,,,,,,,,,,
939,566,,,,,,,,,,,
940,567,,,,,,,,,,,
941,569,,,,,,,,,,,
942,572,,,,,,,,,,,
943,573,,,,,,,,,,,
944,575,,,,,,,,,,,
945,576,,,,,,,,,,,
946,579,,,,,,,,,,,
947,581,,,,,,,,,,,
948,582,,,,,,,,,,,
949,583,,,,,,,,,,,
950,584,,,,,,,,,,,
951,586,,,,,,,,,,,
952,588,,,,,,,,,,,
953,589,,,,,,,,,,,
954,594,,,,,,,,,,,
955,595,,,,,,,,,,,
956,597,,,,,,,,,,,
957,599,,,,,,,,,,,
958,601,,,,,,,,,,,
959,604,,,,,,,,,,,
960,606,,,,,,,,,,,
961,611,,,,,,,,,,,
962,612,,,,,,,,,,,
963,613,,,,,,,,,,,
964,614,,,,,,,,,,,
965,616,,,,,,,,,,,
966,617,,,,,,,,,,,
967,620,,,,,,,,,,,
968,623,,,,,,,,,,,
969,625,,,,,,,,,,,
970,627,,,,,,,,,,,
971,631,,,,,,,,,,,
972,632,,,,,,,,,,,
973,633,,,,,,,,,,,
974,638,,,,,,,,,,,
975,639,,,,,,,,,,,
976,640,,,,,,,,,,,
977,642,,,,,,,,,,,
978,643,,,,,,,,,,,
979,645,Yin Release,,,,,,,,,,
980,647,,,,,,,,,,,
981,648,,,,,,,,,,,
982,656,,,,,,,,,,,
983,658,,,,,,,,,,,
984,666,,,,,,,,,,,
985,667,,,,,,,,,,,
986,670,,,,,,,,,,,
987,671,,,,,,,,,,,
988,673,,,,,,,,,,,
989,675,,,,,,,,,,,
990,676,,,,,,,,,,,
991,677,,,,,,,,,,,
992,678,,,,,,,,,,,
993,680,,,,,,,,,,,
994,681,,,,,,,,,,,
995,683,,,,,,,,,,,
996,686,,,,,,,,,,,
997,690,,,,,,,,,,,
998,691,,,,,,,,,,,
999,693,,,,,,,,,,,
1000,694,,,,,,,,,,,
1001,695,,,,,,,,,,,
1002,696,,,,,,,,,,,
1003,697,,,,,,,,,,,
1004,698,,,,,,,,,,,
1005,700,,,,,,,,,,,
1006,703,,,,,,,,,,,
1007,706,,,,,,,,,,,
1008,707,,,,,,,,,,,
1009,708,,,,,,,,,,,
1010,709,,,,,,,,,,,
1011,710,,,,,,,,,,,
1012,712,Yin Release,,,,,,,,,,
1013,714,,,,,,,,,,,
1014,715,"<a href=""/wiki/File:Ido%27s_physical_form.png"" title=""File:Ido&#39;s physical form.png""><img alt="""" src=""https://static.wikia.nocookie.net/naruto/images/6/65/Ido%27s_physical_form.png/revision/latest/scale-to-width-down/180?cb=20150121123210"" decoding=""async"" loading=""lazy"" width=""180"" height=""136"" class=""thumbimage"" data-image-name=""Ido&#39;s physical form.png"" data-image-key=""Ido%27s_physical_form.png"" data-src=""https://static.wikia.nocookie.net/naruto/images/6/65/Ido%27s_physical_form.png/revision/latest/scale-to-width-down/180?cb=20150121123210"" /></a> 	 		 		 		 			Ido's physical form.",,,,,,,,,,
1015,726,,,,,,,,,,,
1016,727,,,,,,,,,,,
1017,728,,,,,,,,,,,
1018,730,,,,,,,,,,,
1019,731,,,,,,,,,,,
1020,735,,,,,,,,,,,
1021,737,,,,,,,,,,,
1022,741,,,,,,,,,,,
1023,743,Fire Release,,,,,,,,,,
1024,745,,,,,,,,,,,
1025,746,,,,,,,,,,,
1026,747,,,,,,,,,,,
1027,748,,,,,,,,,,,
1028,750,,,,,,,,,,,
1029,751,,,,,,,,,,,
1030,755,,,,,,,,,,,
1031,756,,,,,,,,,,,
1032,759,,,,,,,,,,,
1033,760,,,,,,,,,,,
1034,767,,,,,,,,,,,
1035,768,,,,,,,,,,,
1036,770,,,,,,,,,,,
1037,772,,,,,,,,,,,
1038,773,,,,,,,,,,,
1039,775,,,,,,,,,,,
1040,782,,,,,,,,,,,
1041,783,,,,,,,,,,,
1042,785,,,,,,,,,,,
1043,786,,,,,,,,,,,
1044,787,,,,,,,,,,,
1045,788,,,,,,,,,,,
1046,789,,,,,,,,,,,
1047,790,,,,,,,,,,,
1048,792,,,,,,,,,,,
1049,793,,,,,,,,,,,
1050,795,,,,,,,,,,,
1051,796,,,,,,,,,,,
1052,797,,,,,,,,,,,
1053,798,,,,,,,,,,,
1054,799,,,,,,,,,,,
1055,800,,,,,,,,,,,
1056,801,,,,,,,,,,,
1057,802,,,,,,,,,,,
1058,803,,,,,,,,,,,
1059,804,,,,,,,,,,,
1060,805,,,,,,,,,,,
1061,807,,,,,,,,,,,
1062,808,,,,,,,,,,,
1063,812,,,,,,,,,,,
1064,814,,,,,,,,,,,
1065,815,,,,,,,,,,,
1066,817,,,,,,,,,,,
1067,819,,,,,,,,,,,
1068,820,,,,,,,,,,,
1069,821,,,,,,,,,,,
1070,822,,,,,,,,,,,
1071,823,,,,,,,,,,,
1072,825,,,,,,,,,,,
1073,826,,,,,,,,,,,
1074,827,,,,,,,,,,,
1075,828,,,,,,,,,,,
1076,836,,,,,,,,,,,
1077,837,,,,,,,,,,,
1078,838,,,,,,,,,,,
1079,839,,,,,,,,,,,
1080,843,,,,,,,,,,,
1081,848,,,,,,,,,,,
1082,850,,,,,,,,,,,
1083,855,,,,,,,,,,,
1084,858,,,,,,,,,,,
1085,859,,,,,,,,,,,
1086,862,,,,,,,,,,,
1087,866,,,,,,,,,,,
1088,867,,,,,,,,,,,
1089,869,,,,,,,,,,,
1090,872,,,,,,,,,,,
1091,882,,,,,,,,,,,
1092,883,,,,,,,,,,,
1093,886,,,,,,,,,,,
1094,887,,,,,,,,,,,
1095,889,,,,,,,,,,,
1096,890,,,,,,,,,,,
1097,893,,,,,,,,,,,
1098,894,,,,,,,,,,,
1099,896,,,,,,,,,,,
1100,899,,,,,,,,,,,
1101,900,,,,,,,,,,,
1102,902,,,,,,,,,,,
1103,906,,,,,,,,,,,
1104,910,,,,,,,,,,,
1105,913,,,,,,,,,,,
1106,914,,,,,,,,,,,
1107,915,,,,,,,,,,,
1108,918,,,,,,,,,,,
1109,921,,,,,,,,,,,
1110,922,,,,,,,,,,,
1111,924,,,,,,,,,,,
1112,926,,,,,,,,,,,
1113,927,,,,,,,,,,,
1114,929,,,,,,,,,,,
1115,930,,,,,,,,,,,
1116,931,,,,,,,,,,,
1117,932,,,,,,,,,,,
1118,937,,,,,,,,,,,
1119,946,,,,,,,,,,,
1120,948,,,,,,,,,,,
1121,951,,,,,,,,,,,
1122,952,,,,,,,,,,,
1123,953,,,,,,,,,,,
1124,954,,,,,,,,,,,
1125,957,,,,,,,,,,,
1126,959,,,,,,,,,,,
1127,960,Lightning Release,,,,,,,,,,
1128,962,,,,,,,,,,,
1129,963,,,,,,,,,,,
1130,964,,,,,,,,,,,
1131,968,,,,,,,,,,,
1132,969,,,,,,,,,,,
1133,971,,,,,,,,,,,
1134,972,,,,,,,,,,,
1135,974,,,,,,,,,,,
1136,982,,,,,,,,,,,
1137,987,,,,,,,,,,,
1138,993,,,,,,,,,,,
1139,995,,,,,,,,,,,
1140,996,,,,,,,,,,,
1141,1001,,,,,,,,,,,
1142,1002,,,,,,,,,,,
1143,1004,,,,,,,,,,,
1144,1006,,,,,,,,,,,
1145,1007,,,,,,,,,,,
1146,1010,,,,,,,,,,,
1147,1011,,,,,,,,,,,
1148,1013,,,,,,,,,,,
1149,1014,,,,,,,,,,,
1150,1016,,,,,,,,,,,
1151,1018,,,,,,,,,,,
1152,1019,,,,,,,,,,,
1153,1021,,,,,,,,,,,
1154,1023,,,,,,,,,,,
1155,1024,,,,,,,,,,,
1156,1025,,,,,,,,,,,
1157,1026,,,,,,,,,,,
1158,1030,,,,,,,,,,,
1159,1031,,,,,,,,,,,
1160,1032,,,,,,,,,,,
1161,1033,,,,,,,,,,,
1162,1035,,,,,,,,,,,
1163,1040,,,,,,,,,,,
1164,1041,,,,,,,,,,,
1165,1043,,,,,,,,,,,
1166,1044,,,,,,,,,,,
1167,1045,,,,,,,,,,,
1168,1046,,,,,,,,,,,
1169,1056,,,,,,,,,,,
1170,1057,,,,,,,,,,,
1171,1062,,,,,,,,,,,
1172,1064,,,,,,,,,,,
1173,1065,,,,,,,,,,,
1174,1067,Yin Release,,,,,,,,,,
1175,1071,,,,,,,,,,,
1176,1072,,,,,,,,,,,
1177,1075,,,,,,,,,,,
1178,1078,,,,,,,,,,,
1179,1080,,,,,,,,,,,
1180,1081,,,,,,,,,,,
1181,1086,,,,,,,,,,,
1182,1089,,,,,,,,,,,
1183,1090,,,,,,,,,,,
1184,1092,,,,,,,,,,,
1185,1096,,,,,,,,,,,
1186,1097,,,,,,,,,,,
1187,1099,,,,,,,,,,,
1188,1102,,,,,,,,,,,
1189,1103,,,,,,,,,,,
1190,1105,,,,,,,,,,,
1191,1107,,,,,,,,,,,
1192,1111,,,,,,,,,,,
1193,1112,,,,,,,,,,,
1194,1113,,,,,,,,,,,
1195,1114,,,,,,,,,,,
1196,1117,,,,,,,,,,,
1197,1118,,,,,,,,,,,
1198,1121,,,,,,,,,,,
1199,1124,,,,,,,,,,,
1200,1125,,,,,,,,,,,
1201,1126,,,,,,,,,,,
1202,1128,,,,,,,,,,,
1203,1130,,,,,,,,,,,
1204,1131,,,,,,,,,,,
1205,1132,,,,,,,,,,,
1206,1133,,,,,,,,,,,
1207,1136,,,,,,,,,,,
1208,1137,,,,,,,,,,,
1209,1138,,,,,,,,,,,
1210,1139,,,,,,,,,,,
1211,1140,,,,,,,,,,,
1212,1141,,,,,,,,,,,
1213,1146,,,,,,,,,,,
1214,1148,,,,,,,,,,,
1215,1150,,,,,,,,,,,
1216,1151,,,,,,,,,,,
1217,1152,,,,,,,,,,,
1218,1153,,,,,,,,,,,
1219,1156,,,,,,,,,,,
1220,1159,,,,,,,,,,,
1221,1160,,,,,,,,,,,
1222,1161,,,,,,,,,,,
1223,1162,,,,,,,,,,,
1224,1164,,,,,,,,,,,
1225,1167,,,,,,,,,,,
1226,1168,,,,,,,,,,,
1227,1169,,,,,,,,,,,
1228,1170,Yin Release,,,,,,,,,,
1229,1171,Yin Release,,,,,,,,,,
1230,1172,,,,,,,,,,,
1231,1175,,,,,,,,,,,
1232,1176,,,,,,,,,,,
1233,1177,,,,,,,,,,,
1234,1178,,,,,,,,,,,
1235,1180,,,,,,,,,,,
1236,1181,,,,,,,,,,,
1237,1182,,,,,,,,,,,
1238,1184,,,,,,,,,,,
1239,1185,,,,,,,,,,,
1240,1186,,,,,,,,,,,
1241,1187,,,,,,,,,,,
1242,1188,,,,,,,,,,,
1243,1189,,,,,,,,,,,
1244,1190,,,,,,,,,,,
1245,1191,,,,,,,,,,,
1246,1193,,,,,,,,,,,
1247,1194,,,,,,,,,,,
1248,1198,,,,,,,,,,,
1249,1199,,,,,,,,,,,
1250,1201,,,,,,,,,,,
1251,1204,,,,,,,,,,,
1252,1206,,,,,,,,,,,
1253,1207,,,,,,,,,,,
1254,1209,,,,,,,,,,,
1255,1212,,,,,,,,,,,
1256,1213,,,,,,,,,,,
1257,1217,,,,,,,,,,,
1258,1218,,,,,,,,,,,
1259,1220,,,,,,,,,,,
1260,1221,,,,,,,,,,,
1261,1222,,,,,,,,,,,
1262,1224,,,,,,,,,,,
1263,1225,,,,,,,,,,,
1264,1226,,,,,,,,,,,
1265,1227,,,,,,,,,,,
1266,1228,,,,,,,,,,,
1267,1230,,,,,,,,,,,
1268,1231,,,,,,,,,,,
1269,1233,,,,,,,,,,,
1270,1234,,,,,,,,,,,
1271,1235,,,,,,,,,,,
1272,1236,,,,,,,,,,,
1273,1238,,,,,,,,,,,
1274,1239,,,,,,,,,,,
1275,1241,,,,,,,,,,,
1276,1243,,,,,,,,,,,
1277,1244,,,,,,,,,,,
1278,1246,,,,,,,,,,,
1279,1248,,,,,,,,,,,
1280,1249,,,,,,,,,,,
1281,1250,,,,,,,,,,,
1282,1251,,,,,,,,,,,
1283,1252,,,,,,,,,,,
1284,1253,,,,,,,,,,,
1285,1254,,,,,,,,,,,
1286,1257,,,,,,,,,,,
1287,1258,,,,,,,,,,,
1288,1261,,,,,,,,,,,
1289,1262,,,,,,,,,,,
1290,1263,,,,,,,,,,,
1291,1264,,,,,,,,,,,
1292,1266,,,,,,,,,,,
1293,1267,,,,,,,,,,,
1294,1268,,,,,,,,,,,
1295,1269,,,,,,,,,,,
1296,1271,,,,,,,,,,,
1297,1272,,,,,,,,,,,
1298,1273,,,,,,,,,,,
1299,1275,,,,,,,,,,,
1300,1277,,,,,,,,,,,
1301,1278,,,,,,,,,,,
1302,1281,,,,,,,,,,,
1303,1285,,,,,,,,,,,
1304,1286,,,,,,,,,,,
1305,1287,,,,,,,,,,,
1306,1291,,,,,,,,,,,
1307,1292,Fire Release  (Anime only),,,,,,,,,,
1308,1294,,,,,,,,,,,
1309,1295,,,,,,,,,,,
1310,1297,,,,,,,,,,,
1311,1300,,,,,,,,,,,
1312,1304,,,,,,,,,,,
1313,1308,,,,,,,,,,,
1314,1311,,,,,,,,,,,
1315,1312,,,,,,,,,,,
1316,1314,,,,,,,,,,,
1317,1315,,,,,,,,,,,
1318,1316,,,,,,,,,,,
1319,1317,,,,,,,,,,,
1320,1318,,,,,,,,,,,
1321,1319,,,,,,,,,,,
1322,1322,Lightning Release,,,,,,,,,,
1323,1324,,,,,,,,,,,
1324,1326,,,,,,,,,,,
1325,1327,,,,,,,,,,,
1326,1328,,,,,,,,,,,
1327,1329,,,,,,,,,,,
1328,1331,,,,,,,,,,,
1329,1332,,,,,,,,,,,
1330,1334,,,,,,,,,,,
1331,1347,,,,,,,,,,,
1332,1348,,,,,,,,,,,
1333,1349,,,,,,,,,,,
1334,1351,,,,,,,,,,,
1335,1352,,,,,,,,,,,
1336,1354,,,,,,,,,,,
1337,1355,,,,,,,,,,,
1338,1357,,,,,,,,,,,
1339,1358,,,,,,,,,,,
1340,1360,,,,,,,,,,,
1341,1363,,,,,,,,,,,
1342,1366,,,,,,,,,,,
1343,1371,,,,,,,,,,,
1344,1378,,,,,,,,,,,
1345,1379,,,,,,,,,,,
1346,1380,,,,,,,,,,,
1347,1381,,,,,,,,,,,
1348,1384,,,,,,,,,,,
1349,1388,,,,,,,,,,,
1350,1392,,,,,,,,,,,
1351,1393,,,,,,,,,,,
1352,1395,,,,,,,,,,,
1353,1398,,,,,,,,,,,
1354,1399,,,,,,,,,,,
1355,1402,"<a href=""/wiki/File:Team_Matsuri_Attacked.png"" title=""File:Team Matsuri Attacked.png""><img alt="""" src=""https://static.wikia.nocookie.net/naruto/images/6/6c/Team_Matsuri_Attacked.png/revision/latest/scale-to-width-down/180?cb=20150514121823"" decoding=""async"" loading=""lazy"" width=""180"" height=""101"" class=""thumbimage"" data-image-name=""Team Matsuri Attacked.png"" data-image-key=""Team_Matsuri_Attacked.png"" data-src=""https://static.wikia.nocookie.net/naruto/images/6/6c/Team_Matsuri_Attacked.png/revision/latest/scale-to-width-down/180?cb=20150514121823"" /></a> 	 		 		 		 			Yukata and her team are attacked.",,,,,,,,,,
1356,1403,,,,,,,,,,,
1357,1404,,,,,,,,,,,
1358,1406,,,,,,,,,,,
1359,1407,,,,,,,,,,,
1360,1408,,,,,,,,,,,
1361,1409,,,,,,,,,,,
1362,1410,,,,,,,,,,,
1363,1414,,,,,,,,,,,
1364,1415,,,,,,,,,,,
1365,1416,,,,,,,,,,,
1366,1417,,,,,,,,,,,
1367,1419,,,,,,,,,,,
1368,1420,,,,,,,,,,,
1369,1421,Wind Release  (Novel only),,,,,,,,,,
1370,1423,,,,,,,,,,,
1371,1429,,,,,,,,,,,
1372,32,,,,,,,,,,,
1373,53,,,,,,,,,,,
1374,67,,,,,,,,,,,
1375,86,,,,,,,,,,,
1376,95,,,,,,,,,,,
1377,142,,,,,,,,,,,
1378,171,,,,,,,,,,,
1379,172,,,,,,,,,,,
1380,187,,,,,,,,,,,
1381,189,,,,,,,,,,,
1382,234,,,,,,,,,,,
1383,285,,,,,,,,,,,
1384,330,,,,,,,,,,,
1385,334,,,,,,,,,,,
1386,340,,,,,,,,,,,
1387,349,,,,,,,,,,,
1388,366,,,,,,,,,,,
1389,395,,,,,,,,,,,
1390,412,,,,,,,,,,,
1391,454,,,,,,,,,,,
1392,474,,,,,,,,,,,
1393,525,,,,,,,,,,,
1394,580,,,,,,,,,,,
1395,585,,,,,,,,,,,
1396,603,,,,,,,,,,,
1397,607,,,,,,,,,,,
1398,634,,,,,,,,,,,
1399,650,Water Release,,,,,,,,,,
1400,654,,,,,,,,,,,
1401,659,,,,,,,,,,,
1402,662,,,,,,,,,,,
1403,679,,,,,,,,,,,
1404,685,"This article is a stub. You can help the Narutopedia by expanding it, or perhaps you could contribute to the discussion on the topic.",,,,,,,,,,
1405,705,,,,,,,,,,,
1406,740,,,,,,,,,,,
1407,742,Lightning Release,,,,,,,,,,
1408,763,,,,,,,,,,,
1409,769,,,,,,,,,,,
1410,784,,,,,,,,,,,
1411,816,,,,,,,,,,,
1412,830,Water Release,,,,,,,,,,
1413,856,Wind Release,Lightning Release,Yang Release,,,,,,,,
1414,892,Lightning Release,,,,,,,,,,
1415,904,,,,,,,,,,,
1416,919,,,,,,,,,,,
1417,961,,,,,,,,,,,
1418,978,,,,,,,,,,,
1419,994,,,,,,,,,,,
1420,1039,,,,,,,,,,,
1421,1060,,,,,,,,,,,
1422,1095,Lightning Release,,,,,,,,,,
1423,1157,,,,,,,,,,,
1424,1163,,,,,,,,,,,
1425,1219,,,,,,,,,,,
1426,1284,Wind Release,,,,,,,,,,
1427,1290,,,,,,,,,,,
1428,1298,,,,,,,,,,,
1429,1422,,,,,,,,,,,
1430,1424,,,,,,,,,,,
1431,1430,,,,,,,,,,,
