id,character_id,team_1,team_2,team_3,team_4,team_5,team_6,team_7,team_8,team_9,team_10,team_11
1,1344,Team Kakashi,Sasuke Recovery Team,Konoha 11  (Anime only),Bikōchū Search Team  (Anime only),Kaima Capture Team  (Anime only),Star Guard Team  (Anime only),Peddlers Escort Team  (Anime only),Kazekage Rescue Team,Team One  (Anime only),Eight Man Squad,Hanabi Rescue Team  (Movie only)
2,1307,Team Kakashi,Sound Four,Taka,,,,,,,,
3,1299,N/A,,,,,,,,,,
4,376,Team Minato,Team Ro  (Anime only),Team Kakashi,Kazekage Rescue Team,Team Asuma  (Temporarily),Team One  (Anime only),Team 8  (Temporarily),Eight Man Squad,Third Division,,
5,928,Team Hiruzen,Team Orochimaru,Team Dosu,,,,,,,,
6,1303,Team Minato,,,,,,,,,,
7,259,Three Sand Siblings,Fourth Division,,,,,,,,,
8,1359,Team Kabuto,,,,,,,,,,
9,515,Team Hiruzen,Ame Orphans,Team Jiraiya,,,,,,,,
10,1373,Team Ro  (Anime only),Team Kakashi,Eight Man Squad,Team Two  (Anime only),Infiltration and Reconnaissance Party,,,,,,
11,344,Team Chōza,Team Guy,Third Division,,,,,,,,
12,1037,Team Ebisu,Team 7,,,,,,,,,
13,813,Team 7,,,,,,,,,,
14,865,Team Jiraiya,Team Minato,,,,,,,,,
15,1339,Team 7,,,,,,,,,,
16,1293,Team 2  (Anime and Novel only),Team Ro  (Anime only),,,,,,,,,
17,1063,N/A,,,,,,,,,,
18,1280,Team Hiruzen,,,,,,,,,,
19,739,Team Guy,Konoha 11  (Anime only),Star Guard Team  (Anime only),Team Two  (Anime only),Third Division,Suicide Corps  (Movie only),,,,,
20,600,N/A,,,,,,,,,,
21,935,N/A,,,,,,,,,,
22,1306,Team 7,,,,,,,,,,
23,374,Team Kakashi,Konoha 11  (Anime only),Team Asuma  (Anime only),Kazekage Rescue Team,Eight Man Squad,Team Three  (Anime only),Third Division,Hanabi Rescue Team  (Movie only),Ino–Saku–Sai  (Novel only),Medic Corps,
24,1036,Team Tobirama,Team Hiruzen,Escort Unit,,,,,,,,
25,636,A–B Combo,Kumo Council,,,,,,,,,
26,222,Furido's 4-Man Team,,,,,,,,,,
27,1066,Team Tobirama,Escort Unit,,,,,,,,,
28,1100,Team Shinki,,,,,,,,,,
29,13,Team 8,Konoha 11  (Anime only),Bikōchū Search Team  (Anime only),Kaima Capture Team  (Anime only),Eight Man Squad,Team One  (Anime only),Fifth Division,,,,
30,1216,Team Guy,Konoha 11  (Anime only),Star Guard Team  (Anime only),Team Two  (Anime only),First Division,,,,,,
31,945,N/A,,,,,,,,,,
32,1093,Konoha Council,Escort Unit,,,,,,,,,
33,1335,N/A,,,,,,,,,,
34,40,Team 10,Sasuke Recovery Team,Konoha 11  (Anime only),Peddlers Escort Team  (Anime only),Twenty Platoons,Fourth Division,,,,,
35,437,Team 8,Konoha 11  (Anime only),Bikōchū Search Team  (Anime only),Peddlers Escort Team  (Anime only),Team Three  (Anime only),Eight Man Squad,Second Division,Hanabi Rescue Team  (Movie only),,,
36,1365,Team 10,Konoha 11  (Anime only),Kaima Capture Team  (Anime only),Twenty Platoons,Team Three  (Anime only),Fifth Division,Ino–Saku–Sai  (Novel only),Konoha Barrier Team,Analysis Team,,
37,193,Explosion Corps,Surprise Attack and Diversion Platoon,,,,,,,,,
38,421,Cypher Division,Seven Ninja Swordsmen of the Mist,,,,,,,,,
39,148,Puppet Brigade,Honoured Siblings,Kazekage Rescue Team,,,,,,,,
40,6,Eight-Tails Subduing Team,A–B Combo,,,,,,,,,
41,466,Team 8,Sasuke Recovery Team,Konoha 11  (Anime only),Bikōchū Search Team  (Anime only),Team Two  (Anime only),Eight Man Squad,Fifth Division,Konoha Military Police Force  (Anime Only),,,
42,1208,Three Sand Siblings,Fourth Division,Wind Release Team,,,,,,,,
43,940,N/A,,,,,,,,,,
44,1400,Team 5,,,,,,,,,,
45,878,Team 10,Sasuke Recovery Team,Konoha 11  (Anime only),Twenty Platoons,Fourth Division,Hanabi Rescue Team  (Movie only),,,,,
46,104,N/A,,,,,,,,,,
47,1042,Puppet Brigade,Surprise Attack and Diversion Platoon,,,,,,,,,
48,29,Team 8,Konoha 11  (Anime only),Sasuke Recovery Team,Bikōchū Search Team  (Anime only),Team Two  (Anime only),Eight Man Squad,Fifth Division,,,,
49,521,Taka,,,,,,,,,,
50,480,N/A,,,,,,,,,,
51,934,N/A,,,,,,,,,,
52,944,N/A,,,,,,,,,,
53,1051,N/A,,,,,,,,,,
54,1203,Sound Four,,,,,,,,,,
55,1368,Team 10,Konoha Barrier Team  (Anime only),,,,,,,,,
56,577,Three Sand Siblings,Surprise Attack Division,Counter-Terrorism Division  (Novel only),,,,,,,,
57,1008,Team Kakashi,Eight Man Squad,Team One  (Anime only),Infiltration and Reconnaissance Party,Surprise Attack Division,Hanabi Rescue Team  (Movie only),Ino–Saku–Sai  (Novel only),Team 25  (Anime only),Konoha 11  (Anime only),,
58,162,N/A,,,,,,,,,,
59,870,Magaki Group,,,,,,,,,,
60,876,Team 10,,,,,,,,,,
61,1091,Two Great Sage Toads,,,,,,,,,,
62,1346,N/A,,,,,,,,,,
63,430,Taka,,,,,,,,,,
64,25,Magaki Group,,,,,,,,,,
65,120,Magaki Group,,,,,,,,,,
66,158,Magaki Group,,,,,,,,,,
67,701,N/A,,,,,,,,,,
68,791,N/A,,,,,,,,,,
69,725,Second Division,,,,,,,,,,
70,809,Team Orochimaru,Kaima Capture Team  (Anime only),Infiltration and Reconnaissance Party,,,,,,,,
71,414,Watari Ninja,,,,,,,,,,
72,920,Team Samui,Surprise Attack Division,,,,,,,,,
73,1,N/A,,,,,,,,,,
74,230,Two Great Sage Toads,,,,,,,,,,
75,240,N/A,,,,,,,,,,
76,549,N/A,,,,,,,,,,
77,609,Team 7,,,,,,,,,,
78,831,Seven Ninja Swordsmen of the Mist,,,,,,,,,,
79,1009,N/A,,,,,,,,,,
80,1127,N/A,,,,,,,,,,
81,1143,Team Suien,,,,,,,,,,
82,1367,Ino–Shika–Chō,Analysis Team,Intelligence Division,,,,,,,,
83,190,Kumo Council,First Division,,,,,,,,,
84,1122,Konoha Special Mission Platoon,Orochimaru Search Team  (Anime only),Logistical Support and Medical Division,,,,,,,,
85,42,Ino–Shika–Chō,First Division,Team Chōza  (Anime only),,,,,,,,
86,127,N/A,,,,,,,,,,
87,153,N/A,,,,,,,,,,
88,274,Five Great Countries' Joint Investigation Team,,,,,,,,,,
89,422,New Seven Ninja Swordsmen,,,,,,,,,,
90,546,Team Kajika,,,,,,,,,,
91,684,Ame Orphans,,,,,,,,,,
92,669,N/A,,,,,,,,,,
93,723,New Seven Ninja Swordsmen,,,,,,,,,,
94,724,Seven Ninja Swordsmen of the Mist,Kurosuki Family  (Anime only),,,,,,,,,
95,765,N/A,,,,,,,,,,
96,936,N/A,,,,,,,,,,
97,1034,Twelve Guardian Ninja,Team 10,Twenty Platoons,,,,,,,,
98,1104,N/A,,,,,,,,,,
99,1165,N/A,,,,,,,,,,
100,152,Seven Ninja Swordsmen of the Mist,Daimyō Protection Squad,,,,,,,,,
101,266,N/A,,,,,,,,,,
102,593,Team Shigeri,Taka,,,,,,,,,
103,531,N/A,,,,,,,,,,
104,591,N/A,,,,,,,,,,
105,622,Twelve Guardian Ninja,Furido's 4-Man Team,,,,,,,,,
106,720,Team 25,,,,,,,,,,
107,794,Fifth Division,,,,,,,,,,
108,818,N/A,,,,,,,,,,
109,860,Watari Ninja,,,,,,,,,,
110,851,N/A,,,,,,,,,,
111,1038,N/A,,,,,,,,,,
112,1109,Magaki Group,,,,,,,,,,
113,1134,N/A,,,,,,,,,,
114,1120,Gang of Four,,,,,,,,,,
115,1123,Mujina Bandits,,,,,,,,,,
116,1310,Team Shisui  (Anime only),,,,,,,,,,
117,1426,White Zetsu Army,,,,,,,,,,
118,1279,N/A,,,,,,,,,,
119,5,Eight-Tails Subduing Team,,,,,,,,,,
120,15,Impure World Reincarnation Allied Forces  (Anime only),,,,,,,,,,
121,72,N/A,,,,,,,,,,
122,124,N/A,,,,,,,,,,
123,161,Four Ninja Animal Warriors,,,,,,,,,,
124,192,N/A,,,,,,,,,,
125,224,Furido's 4-Man Team,,,,,,,,,,
126,261,N/A,,,,,,,,,,
127,271,N/A,,,,,,,,,,
128,327,Gang of Four,,,,,,,,,,
129,363,N/A,,,,,,,,,,
130,356,N/A,,,,,,,,,,
131,574,N/A,,,,,,,,,,
132,568,Team 5,,,,,,,,,,
133,628,Team Guren,,,,,,,,,,
134,635,N/A,,,,,,,,,,
135,719,Team 15,,,,,,,,,,
136,718,N/A,,,,,,,,,,
137,844,N/A,,,,,,,,,,
138,845,Team Oboro,,,,,,,,,,
139,847,Fruit Group,,,,,,,,,,
140,854,Team Suien,,,,,,,,,,
141,939,N/A,,,,,,,,,,
142,975,Seven Ninja Swordsmen of the Mist,,,,,,,,,,
143,1055,Kumo Spectators,,,,,,,,,,
144,1082,N/A,,,,,,,,,,
145,1135,Team Kakashi,,,,,,,,,,
146,1144,N/A,,,,,,,,,,
147,1337,Team Ro  (Anime only),Logistical Support and Medical Division  (Anime only),,,,,,,,,
148,80,Sensor Division,,,,,,,,,,
149,62,Team Ameno,,,,,,,,,,
150,55,N/A,,,,,,,,,,
151,125,N/A,,,,,,,,,,
152,119,N/A,,,,,,,,,,
153,143,N/A,,,,,,,,,,
154,159,N/A,,,,,,,,,,
155,199,Fourth Division,Communications Team,,,,,,,,,
156,293,N/A,,,,,,,,,,
157,328,Team 40  (Anime only),,,,,,,,,,
158,339,Team Guren,,,,,,,,,,
159,368,N/A,,,,,,,,,,
160,404,N/A,,,,,,,,,,
161,413,N/A,,,,,,,,,,
162,450,Hiruko's Team,,,,,,,,,,
163,553,N/A,,,,,,,,,,
164,598,Dark Thunder Group  (Novel only),Lightning Group,,,,,,,,,
165,608,N/A,,,,,,,,,,
166,649,Team Suien,,,,,,,,,,
167,668,Team 25,,,,,,,,,,
168,704,Four Celestial Symbols Men,,,,,,,,,,
169,757,N/A,,,,,,,,,,
170,912,N/A,,,,,,,,,,
171,909,Team Guren,,,,,,,,,,
172,938,N/A,,,,,,,,,,
173,967,N/A,,,,,,,,,,
174,986,Byakuya Gang,,,,,,,,,,
175,1003,N/A,,,,,,,,,,
176,1048,Team Saya,,,,,,,,,,
177,1074,Gang of Four,,,,,,,,,,
178,1115,Team Ameno,,,,,,,,,,
179,1166,Team 15,,,,,,,,,,
180,1179,Team 25,,,,,,,,,,
181,1197,N/A,,,,,,,,,,
182,1274,N/A,,,,,,,,,,
183,1342,N/A,,,,,,,,,,
184,1345,N/A,,,,,,,,,,
185,1364,N/A,,,,,,,,,,
186,1427,N/A,,,,,,,,,,
187,63,N/A,,,,,,,,,,
188,835,Konoha Torture and Interrogation Force,Team 40  (Anime only),,,,,,,,,
189,1325,N/A,,,,,,,,,,
190,38,N/A,,,,,,,,,,
191,46,N/A,,,,,,,,,,
192,57,N/A,,,,,,,,,,
193,58,N/A,,,,,,,,,,
194,73,N/A,,,,,,,,,,
195,77,N/A,,,,,,,,,,
196,133,Team Kazami,,,,,,,,,,
197,146,Twelve Guardian Ninja,,,,,,,,,,
198,157,Surprise Attack and Diversion Platoon,,,,,,,,,,
199,160,N/A,,,,,,,,,,
200,206,Leaf's Anbu,,,,,,,,,,
201,247,N/A,,,,,,,,,,
202,267,N/A,,,,,,,,,,
203,269,N/A,,,,,,,,,,
204,297,Enlightened Ones,,,,,,,,,,
205,302,N/A,,,,,,,,,,
206,348,Twenty Platoons,Konoha Barrier Team  (Anime only),First Division,,,,,,,,
207,389,N/A,,,,,,,,,,
208,408,Team Suien,,,,,,,,,,
209,429,Seven Ninja Swordsmen of the Mist,,,,,,,,,,
210,468,N/A,,,,,,,,,,
211,463,Scientific Ninja Weapons Team,,,,,,,,,,
212,483,Team 40,,,,,,,,,,
213,507,N/A,,,,,,,,,,
214,509,Janin,,,,,,,,,,
215,537,N/A,,,,,,,,,,
216,571,Twenty Platoons,Konoha Barrier Team  (Anime only),First Division,,,,,,,,
217,621,N/A,,,,,,,,,,
218,674,N/A,,,,,,,,,,
219,716,Seven Ninja Swordsmen of the Mist,,,,,,,,,,
220,717,N/A,,,,,,,,,,
221,754,Third Division,Sealing Team,,,,,,,,,
222,780,N/A,,,,,,,,,,
223,834,Shinobazu,,,,,,,,,,
224,846,N/A,,,,,,,,,,
225,852,N/A,,,,,,,,,,
226,857,Team Kazami,,,,,,,,,,
227,873,Third Division,,,,,,,,,,
228,923,Team 40,,,,,,,,,,
229,965,Haido's Knights,,,,,,,,,,
230,979,Dotō's Three-Man-Team,,,,,,,,,,
231,984,Janin,,,,,,,,,,
232,989,Three Ryūdōin Brothers,,,,,,,,,,
233,1022,Team Saya,,,,,,,,,,
234,1052,N/A,,,,,,,,,,
235,1054,N/A,,,,,,,,,,
236,1076,N/A,,,,,,,,,,
237,1145,Seven Ninja Swordsmen of the Mist,,,,,,,,,,
238,1147,Team Ajisai,,,,,,,,,,
239,1214,N/A,,,,,,,,,,
240,1215,N/A,,,,,,,,,,
241,1260,N/A,,,,,,,,,,
242,1276,Mujina Bandits,,,,,,,,,,
243,1382,Team Shira,,,,,,,,,,
244,1369,Konoha Barrier Team,,,,,,,,,,
245,1411,N/A,,,,,,,,,,
246,630,N/A,,,,,,,,,,
247,664,N/A,,,,,,,,,,
248,435,Team 15  (Anime only),,,,,,,,,,
249,436,First Division,,,,,,,,,,
250,444,Team Guy,Sasuke Recovery Team,Konoha 11  (Anime only),Star Guard Team  (Anime only),Second Division,,,,,,
251,1223,Daimyō Protection Squad,,,,,,,,,,
252,1336,Team Tobirama,Konoha Council,Escort Unit,,,,,,,,
253,1397,Team 8,,,,,,,,,,
254,10,Infiltration and Reconnaissance Party,,,,,,,,,,
255,48,N/A,,,,,,,,,,
256,87,N/A,,,,,,,,,,
257,90,Haze Quadruplets,,,,,,,,,,
258,106,N/A,,,,,,,,,,
259,131,N/A,,,,,,,,,,
260,113,Team Bandō,,,,,,,,,,
261,116,N/A,,,,,,,,,,
262,129,N/A,,,,,,,,,,
263,121,N/A,,,,,,,,,,
264,122,Seven Ninja Swordsmen of the Mist,,,,,,,,,,
265,138,N/A,,,,,,,,,,
266,195,N/A,,,,,,,,,,
267,198,N/A,,,,,,,,,,
268,218,N/A,,,,,,,,,,
269,244,N/A,,,,,,,,,,
270,246,N/A,,,,,,,,,,
271,257,Team Ajisai,,,,,,,,,,
272,258,Dotō's Three-Man-Team,,,,,,,,,,
273,288,N/A,,,,,,,,,,
274,335,N/A,,,,,,,,,,
275,343,N/A,,,,,,,,,,
276,345,N/A,,,,,,,,,,
277,347,N/A,,,,,,,,,,
278,351,Haido's Knights,,,,,,,,,,
279,375,N/A,,,,,,,,,,
280,381,N/A,,,,,,,,,,
281,409,N/A,,,,,,,,,,
282,418,N/A,,,,,,,,,,
283,405,Haze Quadruplets,,,,,,,,,,
284,415,Four Celestial Symbols Men,,,,,,,,,,
285,439,N/A,,,,,,,,,,
286,448,N/A,,,,,,,,,,
287,475,N/A,,,,,,,,,,
288,465,Fifth Division,,,,,,,,,,
289,485,Surprise Attack Division,,,,,,,,,,
290,488,N/A,,,,,,,,,,
291,517,Sound Four,,,,,,,,,,
292,511,N/A,,,,,,,,,,
293,512,N/A,,,,,,,,,,
294,522,N/A,,,,,,,,,,
295,555,N/A,,,,,,,,,,
296,557,Dotō's Three-Man-Team,,,,,,,,,,
297,552,N/A,,,,,,,,,,
298,558,N/A,,,,,,,,,,
299,570,Haido's Knights,,,,,,,,,,
300,578,N/A,,,,,,,,,,
301,590,New Seven Ninja Swordsmen,,,,,,,,,,
302,615,N/A,,,,,,,,,,
303,626,Sound Four,,,,,,,,,,
304,629,Team Guren,,,,,,,,,,
305,637,Sound Five,,,,,,,,,,
306,651,Twelve Guardian Ninja,,,,,,,,,,
307,652,Medic Corps,,,,,,,,,,
308,672,N/A,,,,,,,,,,
309,713,N/A,,,,,,,,,,
310,721,N/A,,,,,,,,,,
311,744,N/A,,,,,,,,,,
312,753,N/A,,,,,,,,,,
313,758,Team Saya,,,,,,,,,,
314,761,N/A,,,,,,,,,,
315,764,N/A,,,,,,,,,,
316,766,N/A,,,,,,,,,,
317,781,Shirogane Three,,,,,,,,,,
318,824,Medic Corps,,,,,,,,,,
319,829,N/A,,,,,,,,,,
320,833,Third Division,,,,,,,,,,
321,849,N/A,,,,,,,,,,
322,853,Seven Ninja Swordsmen of the Mist,,,,,,,,,,
323,861,Ame Orphans,,,,,,,,,,
324,903,Team Minato,,,,,,,,,,
325,916,Fifth Division  (Anime only),,,,,,,,,,
326,907,Lightning Group,,,,,,,,,,
327,908,N/A,,,,,,,,,,
328,949,N/A,,,,,,,,,,
329,966,Kurosuki Family,,,,,,,,,,
330,977,N/A,,,,,,,,,,
331,981,Team Oboro,,,,,,,,,,
332,976,Team Guren,,,,,,,,,,
333,997,Grass Flower Group,,,,,,,,,,
334,999,N/A,,,,,,,,,,
335,1015,Sound Four,,,,,,,,,,
336,1047,N/A,,,,,,,,,,
337,1050,N/A,,,,,,,,,,
338,1079,N/A,,,,,,,,,,
339,1158,N/A,,,,,,,,,,
340,1202,N/A,,,,,,,,,,
341,1210,Haido's Knights,,,,,,,,,,
342,1245,N/A,,,,,,,,,,
343,1255,N/A,,,,,,,,,,
344,1265,Team Dosu,,,,,,,,,,
345,1289,Konoha Military Police Force,,,,,,,,,,
346,1296,N/A,,,,,,,,,,
347,1309,Shin Uchiha (Clones),,,,,,,,,,
348,1313,Konoha Military Police Force,,,,,,,,,,
349,1330,N/A,,,,,,,,,,
350,1320,N/A,,,,,,,,,,
351,1323,N/A,,,,,,,,,,
352,1333,N/A,,,,,,,,,,
353,1341,N/A,,,,,,,,,,
354,1370,Third Division,,,,,,,,,,
355,1374,N/A,,,,,,,,,,
356,1383,Gang of Four,Ghost Army,,,,,,,,,
357,1385,N/A,,,,,,,,,,
358,1356,Ame Orphans,,,,,,,,,,
359,1389,N/A,,,,,,,,,,
360,1405,N/A,,,,,,,,,,
361,540,Ryūha Armament Alliance,,,,,,,,,,
362,660,N/A,,,,,,,,,,
363,661,N/A,,,,,,,,,,
364,688,Ishi Terrorists,,,,,,,,,,
365,711,N/A,,,,,,,,,,
366,752,N/A,,,,,,,,,,
367,958,Ryūha Armament Alliance,,,,,,,,,,
368,1084,N/A,,,,,,,,,,
369,35,N/A,,,,,,,,,,
370,99,N/A,,,,,,,,,,
371,477,Team Ebisu,Team 5  (Anime only),,,,,,,,,
372,596,Team Samui,Second Division,,,,,,,,,
373,618,Team Ebisu,Team 10,,,,,,,,,
374,774,Fourth Division  (Anime only),Team Matsuri  (Anime only),,,,,,,,,
375,925,N/A,,,,,,,,,,
376,1321,N/A,,,,,,,,,,
377,0,N/A,,,,,,,,,,
378,8,Team Dosu,,,,,,,,,,
379,9,N/A,,,,,,,,,,
380,11,N/A,,,,,,,,,,
381,14,N/A,,,,,,,,,,
382,24,Team Ajisai  (Anime only),,,,,,,,,,
383,27,Team Kabuto,,,,,,,,,,
384,28,N/A,,,,,,,,,,
385,36,Seven Ninja Swordsmen of the Mist,,,,,,,,,,
386,39,Team 10,,,,,,,,,,
387,43,N/A,,,,,,,,,,
388,44,N/A,,,,,,,,,,
389,45,N/A,,,,,,,,,,
390,47,Escort Unit,,,,,,,,,,
391,52,N/A,,,,,,,,,,
392,54,N/A,,,,,,,,,,
393,59,N/A,,,,,,,,,,
394,68,N/A,,,,,,,,,,
395,71,N/A,,,,,,,,,,
396,79,N/A,,,,,,,,,,
397,88,Team Shinki,,,,,,,,,,
398,100,First Division,,,,,,,,,,
399,107,Three Sand Siblings,Suna Council,,,,,,,,,
400,112,N/A,,,,,,,,,,
401,117,N/A,,,,,,,,,,
402,123,N/A,,,,,,,,,,
403,135,Kumo Council,Sensor Division,,,,,,,,,
404,140,N/A,,,,,,,,,,
405,145,Lightning Group  (Anime only),,,,,,,,,,
406,156,Impure World Reincarnation Allied Forces,,,,,,,,,,
407,163,N/A,,,,,,,,,,
408,165,N/A,,,,,,,,,,
409,166,N/A,,,,,,,,,,
410,170,Impure World Reincarnation Allied Forces,,,,,,,,,,
411,191,Team Goji,,,,,,,,,,
412,194,N/A,,,,,,,,,,
413,203,Analysis Team,,,,,,,,,,
414,210,N/A,,,,,,,,,,
415,212,Team Chōza,Team Ebisu,,,,,,,,,
416,217,N/A,,,,,,,,,,
417,221,Team Fū  (Anime only),,,,,,,,,,
418,225,Haido's Knights,,,,,,,,,,
419,226,N/A,,,,,,,,,,
420,242,N/A,,,,,,,,,,
421,255,N/A,,,,,,,,,,
422,256,N/A,,,,,,,,,,
423,260,N/A,,,,,,,,,,
424,265,N/A,,,,,,,,,,
425,273,Shirogane Three,,,,,,,,,,
426,281,Garakuta Gang,,,,,,,,,,
427,282,Explosion Corps,,,,,,,,,,
428,229,Furido's 4-Man Team,,,,,,,,,,
429,292,Byakuya Gang,,,,,,,,,,
430,294,N/A,,,,,,,,,,
431,308,N/A,,,,,,,,,,
432,310,N/A,,,,,,,,,,
433,312,N/A,,,,,,,,,,
434,313,N/A,,,,,,,,,,
435,329,Team Goji,,,,,,,,,,
436,331,N/A,,,,,,,,,,
437,336,N/A,,,,,,,,,,
438,338,Demon Brothers,,,,,,,,,,
439,341,Team Guren,,,,,,,,,,
440,353,Fifth Division,,,,,,,,,,
441,365,N/A,,,,,,,,,,
442,373,Allied Mothers Force,,,,,,,,,,
443,377,N/A,,,,,,,,,,
444,378,N/A,,,,,,,,,,
445,382,New Seven Ninja Swordsmen,,,,,,,,,,
446,383,Impure World Reincarnation Allied Forces,,,,,,,,,,
447,388,N/A,,,,,,,,,,
448,391,Analysis Team,,,,,,,,,,
449,397,Nokizaru Group,,,,,,,,,,
450,401,N/A,,,,,,,,,,
451,406,Hiruko's Team,,,,,,,,,,
452,417,Watari Ninja,,,,,,,,,,
453,419,N/A,,,,,,,,,,
454,428,N/A,,,,,,,,,,
455,432,N/A,,,,,,,,,,
456,449,Shirogane Three,,,,,,,,,,
457,469,N/A,,,,,,,,,,
458,470,Logistical Support and Medical Division,,,,,,,,,,
459,479,N/A,,,,,,,,,,
460,491,Team Kajika,,,,,,,,,,
461,493,Three Brothers,,,,,,,,,,
462,494,Medic Corps,,,,,,,,,,
463,499,Team 15,,,,,,,,,,
464,504,Jako's Gang,,,,,,,,,,
465,508,N/A,,,,,,,,,,
466,510,N/A,,,,,,,,,,
467,426,N/A,,,,,,,,,,
468,427,N/A,,,,,,,,,,
469,526,Team Oboro,,,,,,,,,,
470,542,N/A,,,,,,,,,,
471,550,Team 15,Scientific Ninja Weapons Team,,,,,,,,,
472,554,Konoha Barrier Team,,,,,,,,,,
473,556,N/A,,,,,,,,,,
474,587,N/A,,,,,,,,,,
475,592,Wandering Ninja Clan,,,,,,,,,,
476,624,Team Fū,,,,,,,,,,
477,605,N/A,,,,,,,,,,
478,610,Team 9,,,,,,,,,,
479,619,Team Kazami,,,,,,,,,,
480,641,Gold and Silver Brothers,Kinkaku Force,,,,,,,,,
481,644,Team Dosu,,,,,,,,,,
482,646,Surprise Attack Division,,,,,,,,,,
483,653,Second Division,,,,,,,,,,
484,655,N/A,,,,,,,,,,
485,665,Team Ameno,,,,,,,,,,
486,682,N/A,,,,,,,,,,
487,689,N/A,,,,,,,,,,
488,692,N/A,,,,,,,,,,
489,699,N/A,,,,,,,,,,
490,702,N/A,,,,,,,,,,
491,722,N/A,,,,,,,,,,
492,729,Sensor Division,,,,,,,,,,
493,732,N/A,,,,,,,,,,
494,733,Medic Corps,,,,,,,,,,
495,734,N/A,,,,,,,,,,
496,736,N/A,,,,,,,,,,
497,738,Team 5,,,,,,,,,,
498,749,N/A,,,,,,,,,,
499,771,N/A,,,,,,,,,,
500,776,N/A,,,,,,,,,,
501,777,N/A,,,,,,,,,,
502,779,Demon Brothers,,,,,,,,,,
503,806,N/A,,,,,,,,,,
504,810,Medic Corps,,,,,,,,,,
505,832,N/A,,,,,,,,,,
506,840,N/A,,,,,,,,,,
507,841,Konoha Torture and Interrogation Force,,,,,,,,,,
508,842,N/A,,,,,,,,,,
509,863,Hokage Guard Platoon,Konoha Special Mission Platoon,Twenty Platoons,Daimyō Protection Squad,,,,,,,
510,864,Team Kakashi,,,,,,,,,,
511,868,N/A,,,,,,,,,,
512,871,N/A,,,,,,,,,,
513,874,N/A,,,,,,,,,,
514,875,N/A,,,,,,,,,,
515,877,Ino–Shika–Chō,,,,,,,,,,
516,879,N/A,,,,,,,,,,
517,880,Allied Mothers Force  (Anime only),,,,,,,,,,
518,884,N/A,,,,,,,,,,
519,885,Twelve Guardian Ninja,,,,,,,,,,
520,891,N/A,,,,,,,,,,
521,895,Hiruko's Team,,,,,,,,,,
522,897,N/A,,,,,,,,,,
523,898,N/A,,,,,,,,,,
524,901,N/A,,,,,,,,,,
525,905,Sealing Team,,,,,,,,,,
526,911,Team Oboro,,,,,,,,,,
527,917,Byakuya Gang,,,,,,,,,,
528,933,N/A,,,,,,,,,,
529,941,N/A,,,,,,,,,,
530,942,N/A,,,,,,,,,,
531,943,N/A,,,,,,,,,,
532,947,N/A,,,,,,,,,,
533,950,N/A,,,,,,,,,,
534,955,N/A,,,,,,,,,,
535,970,Janin,,,,,,,,,,
536,973,Twenty Platoons,,,,,,,,,,
537,980,N/A,,,,,,,,,,
538,983,N/A,,,,,,,,,,
539,985,Third Division,,,,,,,,,,
540,988,N/A,,,,,,,,,,
541,990,Three Ryūdōin Brothers,,,,,,,,,,
542,991,Three Ryūdōin Brothers,,,,,,,,,,
543,992,Four Celestial Symbols Men,,,,,,,,,,
544,998,N/A,,,,,,,,,,
545,1000,N/A,,,,,,,,,,
546,1005,Fourth Division,,,,,,,,,,
547,1012,Team Sajin,,,,,,,,,,
548,1017,N/A,,,,,,,,,,
549,1020,Hiruko's Team,,,,,,,,,,
550,1027,Scientific Ninja Weapons Team,,,,,,,,,,
551,1028,N/A,,,,,,,,,,
552,1029,N/A,,,,,,,,,,
553,1049,N/A,,,,,,,,,,
554,1053,Twelve Guardian Ninja,,,,,,,,,,
555,1058,Genbu Shinobi Trio,,,,,,,,,,
556,1059,Team Shira,,,,,,,,,,
557,1068,Three Senka Brothers,,,,,,,,,,
558,1069,Three Senka Brothers,,,,,,,,,,
559,1070,Three Senka Brothers,,,,,,,,,,
560,1073,N/A,,,,,,,,,,
561,1077,N/A,,,,,,,,,,
562,1083,N/A,,,,,,,,,,
563,1085,Team Shigure,,,,,,,,,,
564,1087,N/A,,,,,,,,,,
565,1094,Surprise Attack and Diversion Platoon,,,,,,,,,,
566,1098,Leaf's Anbu,,,,,,,,,,
567,1101,N/A,,,,,,,,,,
568,1106,Team Shira,,,,,,,,,,
569,1108,N/A,,,,,,,,,,
570,1110,Team Chōza,Hokage Guard Platoon,Konoha Special Mission Platoon,Daimyō Protection Squad,,,,,,,
571,1116,N/A,,,,,,,,,,
572,1119,N/A,,,,,,,,,,
573,1129,Shinobazu,,,,,,,,,,
574,1142,Jako's Gang,,,,,,,,,,
575,1149,N/A,,,,,,,,,,
576,1154,N/A,,,,,,,,,,
577,1155,N/A,,,,,,,,,,
578,1173,N/A,,,,,,,,,,
579,1174,N/A,,,,,,,,,,
580,1192,N/A,,,,,,,,,,
581,1195,Konoha Barrier Team  (Anime only),,,,,,,,,,
582,1196,Konoha Special Mission Platoon,Third Division,Hokage Guard Platoon  (Anime only),Daimyō Protection Squad  (Anime only),,,,,,,
583,1200,N/A,,,,,,,,,,
584,1205,Team Goji,,,,,,,,,,
585,1211,N/A,,,,,,,,,,
586,1229,White Zetsu Army,,,,,,,,,,
587,1232,Analysis Team,,,,,,,,,,
588,1240,Shinobazu,,,,,,,,,,
589,1242,N/A,,,,,,,,,,
590,1247,N/A,,,,,,,,,,
591,1256,Team Yurui,,,,,,,,,,
592,1259,Twelve Guardian Ninja,,,,,,,,,,
593,1270,N/A,,,,,,,,,,
594,1282,N/A,,,,,,,,,,
595,1283,Team Kabuto,,,,,,,,,,
596,1288,N/A,,,,,,,,,,
597,1301,N/A,,,,,,,,,,
598,1302,N/A,,,,,,,,,,
599,1305,N/A,,,,,,,,,,
600,1338,N/A,,,,,,,,,,
601,1340,N/A,,,,,,,,,,
602,1343,N/A,,,,,,,,,,
603,1350,Gatō Company,,,,,,,,,,
604,1353,N/A,,,,,,,,,,
605,1361,Medic Corps,,,,,,,,,,
606,1362,Team Kajika,,,,,,,,,,
607,1372,Twenty Platoons,Intelligence Division,,,,,,,,,
608,1375,N/A,,,,,,,,,,
609,1376,N/A,,,,,,,,,,
610,1377,Team Shinki,,,,,,,,,,
611,1386,Team Fū,,,,,,,,,,
612,1387,Haze Quadruplets,,,,,,,,,,
613,1390,N/A,,,,,,,,,,
614,1391,N/A,,,,,,,,,,
615,1394,N/A,,,,,,,,,,
616,1396,Haze Quadruplets,,,,,,,,,,
617,1401,Thundercloud Unit,,,,,,,,,,
618,1413,Team Yurui,,,,,,,,,,
619,1418,Surprise Attack Division,,,,,,,,,,
620,1425,N/A,,,,,,,,,,
621,1428,Gatō Company,,,,,,,,,,
622,12,N/A,,,,,,,,,,
623,16,Team 2,Team Ro,,,,,,,,,
624,286,N/A,,,,,,,,,,
625,359,N/A,,,,,,,,,,
626,362,N/A,,,,,,,,,,
627,548,Ishi Terrorists,,,,,,,,,,
628,657,N/A,,,,,,,,,,
629,687,Ishi Terrorists,,,,,,,,,,
630,56,Counter-Terrorism Division,,,,,,,,,,
631,778,N/A,,,,,,,,,,
632,1061,N/A,,,,,,,,,,
633,1088,N/A,,,,,,,,,,
634,1237,Suna Council,,,,,,,,,,
635,31,N/A,,,,,,,,,,
636,78,N/A,,,,,,,,,,
637,126,Four Ninja Animal Warriors,,,,,,,,,,
638,431,N/A,,,,,,,,,,
639,458,N/A,,,,,,,,,,
640,602,N/A,,,,,,,,,,
641,663,N/A,,,,,,,,,,
642,762,N/A,,,,,,,,,,
643,811,Team Tobirama,Konoha Council,Escort Unit,,,,,,,,
644,881,N/A,,,,,,,,,,
645,888,N/A,,,,,,,,,,
646,956,N/A,,,,,,,,,,
647,1183,N/A,,,,,,,,,,
648,1412,N/A,,,,,,,,,,
649,2,N/A,,,,,,,,,,
650,3,N/A,,,,,,,,,,
651,4,N/A,,,,,,,,,,
652,7,N/A,,,,,,,,,,
653,17,N/A,,,,,,,,,,
654,18,N/A,,,,,,,,,,
655,19,N/A,,,,,,,,,,
656,20,N/A,,,,,,,,,,
657,21,N/A,,,,,,,,,,
658,22,N/A,,,,,,,,,,
659,23,N/A,,,,,,,,,,
660,26,N/A,,,,,,,,,,
661,30,N/A,,,,,,,,,,
662,33,N/A,,,,,,,,,,
663,34,N/A,,,,,,,,,,
664,37,N/A,,,,,,,,,,
665,41,Allied Mothers Force,,,,,,,,,,
666,49,N/A,,,,,,,,,,
667,50,N/A,,,,,,,,,,
668,51,Fabrications,,,,,,,,,,
669,60,N/A,,,,,,,,,,
670,61,N/A,,,,,,,,,,
671,64,N/A,,,,,,,,,,
672,65,N/A,,,,,,,,,,
673,66,N/A,,,,,,,,,,
674,69,N/A,,,,,,,,,,
675,70,N/A,,,,,,,,,,
676,74,N/A,,,,,,,,,,
677,75,N/A,,,,,,,,,,
678,76,Moya Triad,,,,,,,,,,
679,81,N/A,,,,,,,,,,
680,82,N/A,,,,,,,,,,
681,83,N/A,,,,,,,,,,
682,84,N/A,,,,,,,,,,
683,85,N/A,,,,,,,,,,
684,89,N/A,,,,,,,,,,
685,91,N/A,,,,,,,,,,
686,92,N/A,,,,,,,,,,
687,93,N/A,,,,,,,,,,
688,94,N/A,,,,,,,,,,
689,96,N/A,,,,,,,,,,
690,97,N/A,,,,,,,,,,
691,98,N/A,,,,,,,,,,
692,101,N/A,,,,,,,,,,
693,102,N/A,,,,,,,,,,
694,103,N/A,,,,,,,,,,
695,105,Team Shigure,,,,,,,,,,
696,108,N/A,,,,,,,,,,
697,109,N/A,,,,,,,,,,
698,110,N/A,,,,,,,,,,
699,111,N/A,,,,,,,,,,
700,114,N/A,,,,,,,,,,
701,115,N/A,,,,,,,,,,
702,118,N/A,,,,,,,,,,
703,128,N/A,,,,,,,,,,
704,130,N/A,,,,,,,,,,
705,132,Akagi Gang,,,,,,,,,,
706,134,N/A,,,,,,,,,,
707,136,N/A,,,,,,,,,,
708,137,N/A,,,,,,,,,,
709,139,N/A,,,,,,,,,,
710,141,N/A,,,,,,,,,,
711,144,N/A,,,,,,,,,,
712,147,N/A,,,,,,,,,,
713,149,N/A,,,,,,,,,,
714,150,N/A,,,,,,,,,,
715,151,N/A,,,,,,,,,,
716,154,N/A,,,,,,,,,,
717,155,N/A,,,,,,,,,,
718,164,N/A,,,,,,,,,,
719,167,N/A,,,,,,,,,,
720,168,N/A,,,,,,,,,,
721,169,N/A,,,,,,,,,,
722,173,N/A,,,,,,,,,,
723,174,N/A,,,,,,,,,,
724,175,N/A,,,,,,,,,,
725,176,N/A,,,,,,,,,,
726,177,N/A,,,,,,,,,,
727,178,N/A,,,,,,,,,,
728,179,N/A,,,,,,,,,,
729,180,N/A,,,,,,,,,,
730,181,N/A,,,,,,,,,,
731,182,N/A,,,,,,,,,,
732,183,N/A,,,,,,,,,,
733,184,N/A,,,,,,,,,,
734,185,N/A,,,,,,,,,,
735,186,N/A,,,,,,,,,,
736,188,N/A,,,,,,,,,,
737,196,N/A,,,,,,,,,,
738,197,N/A,,,,,,,,,,
739,200,N/A,,,,,,,,,,
740,201,N/A,,,,,,,,,,
741,202,N/A,,,,,,,,,,
742,204,N/A,,,,,,,,,,
743,205,N/A,,,,,,,,,,
744,207,Exploding-Till-You-Eat,,,,,,,,,,
745,208,Exploding-Till-You-Eat,,,,,,,,,,
746,209,N/A,,,,,,,,,,
747,211,N/A,,,,,,,,,,
748,213,Honoured Siblings,Suna Council  (Novel only),,,,,,,,,
749,214,N/A,,,,,,,,,,
750,215,N/A,,,,,,,,,,
751,216,N/A,,,,,,,,,,
752,219,N/A,,,,,,,,,,
753,220,N/A,,,,,,,,,,
754,223,New Seven Ninja Swordsmen,,,,,,,,,,
755,227,N/A,,,,,,,,,,
756,228,Legendary Stupid Brothers,,,,,,,,,,
757,231,N/A,,,,,,,,,,
758,232,N/A,,,,,,,,,,
759,233,N/A,,,,,,,,,,
760,235,N/A,,,,,,,,,,
761,236,N/A,,,,,,,,,,
762,237,N/A,,,,,,,,,,
763,238,N/A,,,,,,,,,,
764,239,Konoha Military Police Force,,,,,,,,,,
765,241,N/A,,,,,,,,,,
766,243,N/A,,,,,,,,,,
767,245,N/A,,,,,,,,,,
768,248,N/A,,,,,,,,,,
769,249,N/A,,,,,,,,,,
770,250,N/A,,,,,,,,,,
771,251,Eight-Tails Subduing Team,,,,,,,,,,
772,252,N/A,,,,,,,,,,
773,253,N/A,,,,,,,,,,
774,254,N/A,,,,,,,,,,
775,262,N/A,,,,,,,,,,
776,263,N/A,,,,,,,,,,
777,264,N/A,,,,,,,,,,
778,268,N/A,,,,,,,,,,
779,270,N/A,,,,,,,,,,
780,272,N/A,,,,,,,,,,
781,275,N/A,,,,,,,,,,
782,276,Team Ganryū,,,,,,,,,,
783,277,N/A,,,,,,,,,,
784,278,Shinobazu,,,,,,,,,,
785,279,N/A,,,,,,,,,,
786,280,N/A,,,,,,,,,,
787,283,N/A,,,,,,,,,,
788,284,N/A,,,,,,,,,,
789,287,N/A,,,,,,,,,,
790,289,Gatō Company,,,,,,,,,,
791,290,N/A,,,,,,,,,,
792,291,N/A,,,,,,,,,,
793,295,N/A,,,,,,,,,,
794,296,N/A,,,,,,,,,,
795,298,N/A,,,,,,,,,,
796,299,N/A,,,,,,,,,,
797,300,N/A,,,,,,,,,,
798,301,Team Komugi,,,,,,,,,,
799,303,N/A,,,,,,,,,,
800,304,N/A,,,,,,,,,,
801,305,N/A,,,,,,,,,,
802,306,N/A,,,,,,,,,,
803,307,Four Ninja Animal Warriors,,,,,,,,,,
804,309,N/A,,,,,,,,,,
805,311,N/A,,,,,,,,,,
806,314,N/A,,,,,,,,,,
807,315,N/A,,,,,,,,,,
808,316,N/A,,,,,,,,,,
809,317,N/A,,,,,,,,,,
810,318,N/A,,,,,,,,,,
811,319,N/A,,,,,,,,,,
812,320,N/A,,,,,,,,,,
813,321,N/A,,,,,,,,,,
814,322,N/A,,,,,,,,,,
815,323,N/A,,,,,,,,,,
816,324,N/A,,,,,,,,,,
817,325,N/A,,,,,,,,,,
818,326,Gold and Silver Brothers,,,,,,,,,,
819,332,N/A,,,,,,,,,,
820,333,N/A,,,,,,,,,,
821,337,Suna Council,,,,,,,,,,
822,342,N/A,,,,,,,,,,
823,346,N/A,,,,,,,,,,
824,350,N/A,,,,,,,,,,
825,352,N/A,,,,,,,,,,
826,354,N/A,,,,,,,,,,
827,355,N/A,,,,,,,,,,
828,357,N/A,,,,,,,,,,
829,358,N/A,,,,,,,,,,
830,360,Leaf's Anbu,,,,,,,,,,
831,361,Logistical Support and Medical Division,,,,,,,,,,
832,364,N/A,,,,,,,,,,
833,367,N/A,,,,,,,,,,
834,369,N/A,,,,,,,,,,
835,370,N/A,,,,,,,,,,
836,371,N/A,,,,,,,,,,
837,372,N/A,,,,,,,,,,
838,379,N/A,,,,,,,,,,
839,380,N/A,,,,,,,,,,
840,384,N/A,,,,,,,,,,
841,385,N/A,,,,,,,,,,
842,386,N/A,,,,,,,,,,
843,387,N/A,,,,,,,,,,
844,390,N/A,,,,,,,,,,
845,392,N/A,,,,,,,,,,
846,393,N/A,,,,,,,,,,
847,394,N/A,,,,,,,,,,
848,396,N/A,,,,,,,,,,
849,398,N/A,,,,,,,,,,
850,399,N/A,,,,,,,,,,
851,400,N/A,,,,,,,,,,
852,402,N/A,,,,,,,,,,
853,403,N/A,,,,,,,,,,
854,407,N/A,,,,,,,,,,
855,410,N/A,,,,,,,,,,
856,411,N/A,,,,,,,,,,
857,416,N/A,,,,,,,,,,
858,420,N/A,,,,,,,,,,
859,423,N/A,,,,,,,,,,
860,424,N/A,,,,,,,,,,
861,425,Medic Corps,,,,,,,,,,
862,433,N/A,,,,,,,,,,
863,434,N/A,,,,,,,,,,
864,438,N/A,,,,,,,,,,
865,440,Surprise Attack Division,,,,,,,,,,
866,441,Kumo Barrier Team,,,,,,,,,,
867,442,N/A,,,,,,,,,,
868,443,N/A,,,,,,,,,,
869,445,Infiltration and Reconnaissance Party,,,,,,,,,,
870,446,N/A,,,,,,,,,,
871,447,N/A,,,,,,,,,,
872,451,N/A,,,,,,,,,,
873,452,N/A,,,,,,,,,,
874,453,N/A,,,,,,,,,,
875,455,N/A,,,,,,,,,,
876,456,N/A,,,,,,,,,,
877,457,Team Komugi,,,,,,,,,,
878,459,Team 2,,,,,,,,,,
879,460,N/A,,,,,,,,,,
880,461,N/A,,,,,,,,,,
881,462,N/A,,,,,,,,,,
882,464,N/A,,,,,,,,,,
883,467,N/A,,,,,,,,,,
884,471,N/A,,,,,,,,,,
885,472,N/A,,,,,,,,,,
886,473,N/A,,,,,,,,,,
887,476,N/A,,,,,,,,,,
888,478,Wandering Ninja Clan,,,,,,,,,,
889,481,N/A,,,,,,,,,,
890,482,N/A,,,,,,,,,,
891,484,N/A,,,,,,,,,,
892,486,N/A,,,,,,,,,,
893,487,N/A,,,,,,,,,,
894,489,Three Brothers,,,,,,,,,,
895,490,Three Brothers,,,,,,,,,,
896,492,N/A,,,,,,,,,,
897,495,Team 2,,,,,,,,,,
898,496,N/A,,,,,,,,,,
899,497,N/A,,,,,,,,,,
900,498,N/A,,,,,,,,,,
901,500,N/A,,,,,,,,,,
902,501,N/A,,,,,,,,,,
903,502,N/A,,,,,,,,,,
904,503,N/A,,,,,,,,,,
905,505,N/A,,,,,,,,,,
906,506,N/A,,,,,,,,,,
907,513,N/A,,,,,,,,,,
908,514,N/A,,,,,,,,,,
909,516,N/A,,,,,,,,,,
910,518,N/A,,,,,,,,,,
911,519,N/A,,,,,,,,,,
912,520,Suna Council,,,,,,,,,,
913,523,Team Ganryū,,,,,,,,,,
914,524,N/A,,,,,,,,,,
915,527,N/A,,,,,,,,,,
916,528,N/A,,,,,,,,,,
917,529,N/A,,,,,,,,,,
918,530,N/A,,,,,,,,,,
919,532,N/A,,,,,,,,,,
920,533,N/A,,,,,,,,,,
921,534,N/A,,,,,,,,,,
922,535,N/A,,,,,,,,,,
923,536,N/A,,,,,,,,,,
924,538,N/A,,,,,,,,,,
925,539,N/A,,,,,,,,,,
926,541,N/A,,,,,,,,,,
927,543,N/A,,,,,,,,,,
928,544,N/A,,,,,,,,,,
929,545,N/A,,,,,,,,,,
930,547,N/A,,,,,,,,,,
931,551,N/A,,,,,,,,,,
932,559,N/A,,,,,,,,,,
933,560,N/A,,,,,,,,,,
934,561,N/A,,,,,,,,,,
935,562,N/A,,,,,,,,,,
936,563,N/A,,,,,,,,,,
937,564,N/A,,,,,,,,,,
938,565,N/A,,,,,,,,,,
939,566,N/A,,,,,,,,,,
940,567,N/A,,,,,,,,,,
941,569,N/A,,,,,,,,,,
942,572,Kanabun Gang,,,,,,,,,,
943,573,N/A,,,,,,,,,,
944,575,N/A,,,,,,,,,,
945,576,N/A,,,,,,,,,,
946,579,N/A,,,,,,,,,,
947,581,N/A,,,,,,,,,,
948,582,N/A,,,,,,,,,,
949,583,Medic Corps,,,,,,,,,,
950,584,N/A,,,,,,,,,,
951,586,N/A,,,,,,,,,,
952,588,Kurosuki Family,,,,,,,,,,
953,589,N/A,,,,,,,,,,
954,594,N/A,,,,,,,,,,
955,595,N/A,,,,,,,,,,
956,597,N/A,,,,,,,,,,
957,599,N/A,,,,,,,,,,
958,601,N/A,,,,,,,,,,
959,604,N/A,,,,,,,,,,
960,606,N/A,,,,,,,,,,
961,611,N/A,,,,,,,,,,
962,612,N/A,,,,,,,,,,
963,613,Third Division,,,,,,,,,,
964,614,N/A,,,,,,,,,,
965,616,N/A,,,,,,,,,,
966,617,N/A,,,,,,,,,,
967,620,N/A,,,,,,,,,,
968,623,N/A,,,,,,,,,,
969,625,N/A,,,,,,,,,,
970,627,N/A,,,,,,,,,,
971,631,Team Bandō,,,,,,,,,,
972,632,N/A,,,,,,,,,,
973,633,N/A,,,,,,,,,,
974,638,N/A,,,,,,,,,,
975,639,N/A,,,,,,,,,,
976,640,N/A,,,,,,,,,,
977,642,N/A,,,,,,,,,,
978,643,N/A,,,,,,,,,,
979,645,N/A,,,,,,,,,,
980,647,N/A,,,,,,,,,,
981,648,N/A,,,,,,,,,,
982,656,N/A,,,,,,,,,,
983,658,N/A,,,,,,,,,,
984,666,N/A,,,,,,,,,,
985,667,N/A,,,,,,,,,,
986,670,Mujina Bandits,,,,,,,,,,
987,671,N/A,,,,,,,,,,
988,673,N/A,,,,,,,,,,
989,675,N/A,,,,,,,,,,
990,676,N/A,,,,,,,,,,
991,677,N/A,,,,,,,,,,
992,678,N/A,,,,,,,,,,
993,680,Enlightened Ones,,,,,,,,,,
994,681,Team Komugi,,,,,,,,,,
995,683,N/A,,,,,,,,,,
996,686,Wandering Ninja Clan,,,,,,,,,,
997,690,N/A,,,,,,,,,,
998,691,N/A,,,,,,,,,,
999,693,N/A,,,,,,,,,,
1000,694,N/A,,,,,,,,,,
1001,695,N/A,,,,,,,,,,
1002,696,Scientific Ninja Weapons Team,,,,,,,,,,
1003,697,N/A,,,,,,,,,,
1004,698,N/A,,,,,,,,,,
1005,700,N/A,,,,,,,,,,
1006,703,N/A,,,,,,,,,,
1007,706,Medic Corps,Analysis Team,,,,,,,,,
1008,707,N/A,,,,,,,,,,
1009,708,N/A,,,,,,,,,,
1010,709,N/A,,,,,,,,,,
1011,710,N/A,,,,,,,,,,
1012,712,N/A,,,,,,,,,,
1013,714,N/A,,,,,,,,,,
1014,715,N/A,,,,,,,,,,
1015,726,N/A,,,,,,,,,,
1016,727,Prajñā Group,,,,,,,,,,
1017,728,Gatō Company,,,,,,,,,,
1018,730,N/A,,,,,,,,,,
1019,731,Gang of Four,,,,,,,,,,
1020,735,N/A,,,,,,,,,,
1021,737,N/A,,,,,,,,,,
1022,741,N/A,,,,,,,,,,
1023,743,N/A,,,,,,,,,,
1024,745,N/A,,,,,,,,,,
1025,746,N/A,,,,,,,,,,
1026,747,N/A,,,,,,,,,,
1027,748,N/A,,,,,,,,,,
1028,750,N/A,,,,,,,,,,
1029,751,N/A,,,,,,,,,,
1030,755,N/A,,,,,,,,,,
1031,756,N/A,,,,,,,,,,
1032,759,N/A,,,,,,,,,,
1033,760,N/A,,,,,,,,,,
1034,767,N/A,,,,,,,,,,
1035,768,N/A,,,,,,,,,,
1036,770,N/A,,,,,,,,,,
1037,772,N/A,,,,,,,,,,
1038,773,N/A,,,,,,,,,,
1039,775,N/A,,,,,,,,,,
1040,782,N/A,,,,,,,,,,
1041,783,N/A,,,,,,,,,,
1042,785,Mezu Gang,,,,,,,,,,
1043,786,N/A,,,,,,,,,,
1044,787,Konoha Torture and Interrogation Force  (Anime only),Twenty Platoons  (Anime only),,,,,,,,,
1045,788,N/A,,,,,,,,,,
1046,789,N/A,,,,,,,,,,
1047,790,Team Shigure,,,,,,,,,,
1048,792,N/A,,,,,,,,,,
1049,793,N/A,,,,,,,,,,
1050,795,Medic Corps,,,,,,,,,,
1051,796,N/A,,,,,,,,,,
1052,797,Team Sajin,,,,,,,,,,
1053,798,N/A,,,,,,,,,,
1054,799,N/A,,,,,,,,,,
1055,800,Team Matsuri,,,,,,,,,,
1056,801,N/A,,,,,,,,,,
1057,802,N/A,,,,,,,,,,
1058,803,Team 2,,,,,,,,,,
1059,804,Enlightened Ones,,,,,,,,,,
1060,805,Team Shibire,,,,,,,,,,
1061,807,Cypher Division,,,,,,,,,,
1062,808,N/A,,,,,,,,,,
1063,812,Konoha Cryptanalysis Team,,,,,,,,,,
1064,814,Infiltration and Reconnaissance Party,,,,,,,,,,
1065,815,N/A,,,,,,,,,,
1066,817,N/A,,,,,,,,,,
1067,819,N/A,,,,,,,,,,
1068,820,N/A,,,,,,,,,,
1069,821,N/A,,,,,,,,,,
1070,822,Moya Triad,,,,,,,,,,
1071,823,N/A,,,,,,,,,,
1072,825,N/A,,,,,,,,,,
1073,826,N/A,,,,,,,,,,
1074,827,N/A,,,,,,,,,,
1075,828,N/A,,,,,,,,,,
1076,836,N/A,,,,,,,,,,
1077,837,N/A,,,,,,,,,,
1078,838,Kumo Barrier Team,,,,,,,,,,
1079,839,Ghost Army,,,,,,,,,,
1080,843,Mokuzu Gang,,,,,,,,,,
1081,848,Team Sajin,,,,,,,,,,
1082,850,N/A,,,,,,,,,,
1083,855,N/A,,,,,,,,,,
1084,858,N/A,,,,,,,,,,
1085,859,N/A,,,,,,,,,,
1086,862,N/A,,,,,,,,,,
1087,866,N/A,,,,,,,,,,
1088,867,N/A,,,,,,,,,,
1089,869,N/A,,,,,,,,,,
1090,872,N/A,,,,,,,,,,
1091,882,N/A,,,,,,,,,,
1092,883,Second Division,,,,,,,,,,
1093,886,N/A,,,,,,,,,,
1094,887,N/A,,,,,,,,,,
1095,889,N/A,,,,,,,,,,
1096,890,N/A,,,,,,,,,,
1097,893,N/A,,,,,,,,,,
1098,894,N/A,,,,,,,,,,
1099,896,N/A,,,,,,,,,,
1100,899,N/A,,,,,,,,,,
1101,900,N/A,,,,,,,,,,
1102,902,N/A,,,,,,,,,,
1103,906,N/A,,,,,,,,,,
1104,910,Third Division,,,,,,,,,,
1105,913,N/A,,,,,,,,,,
1106,914,N/A,,,,,,,,,,
1107,915,N/A,,,,,,,,,,
1108,918,N/A,,,,,,,,,,
1109,921,N/A,,,,,,,,,,
1110,922,N/A,,,,,,,,,,
1111,924,New Seven Ninja Swordsmen,,,,,,,,,,
1112,926,New Seven Ninja Swordsmen,,,,,,,,,,
1113,927,N/A,,,,,,,,,,
1114,929,Impure World Reincarnation Allied Forces,,,,,,,,,,
1115,930,N/A,,,,,,,,,,
1116,931,N/A,,,,,,,,,,
1117,932,N/A,,,,,,,,,,
1118,937,N/A,,,,,,,,,,
1119,946,N/A,,,,,,,,,,
1120,948,Medic Corps,Analysis Team,,,,,,,,,
1121,951,N/A,,,,,,,,,,
1122,952,N/A,,,,,,,,,,
1123,953,N/A,,,,,,,,,,
1124,954,N/A,,,,,,,,,,
1125,957,N/A,,,,,,,,,,
1126,959,Legendary Stupid Brothers,,,,,,,,,,
1127,960,N/A,,,,,,,,,,
1128,962,N/A,,,,,,,,,,
1129,963,Third Division,,,,,,,,,,
1130,964,Analysis Team,Infiltration and Reconnaissance Party,,,,,,,,,
1131,968,First Division,,,,,,,,,,
1132,969,N/A,,,,,,,,,,
1133,971,N/A,,,,,,,,,,
1134,972,N/A,,,,,,,,,,
1135,974,N/A,,,,,,,,,,
1136,982,N/A,,,,,,,,,,
1137,987,N/A,,,,,,,,,,
1138,993,N/A,,,,,,,,,,
1139,995,Suna Council,,,,,,,,,,
1140,996,N/A,,,,,,,,,,
1141,1001,N/A,,,,,,,,,,
1142,1002,Team Bandō,,,,,,,,,,
1143,1004,N/A,,,,,,,,,,
1144,1006,N/A,,,,,,,,,,
1145,1007,N/A,,,,,,,,,,
1146,1010,N/A,,,,,,,,,,
1147,1011,N/A,,,,,,,,,,
1148,1013,Suna Council,,,,,,,,,,
1149,1014,N/A,,,,,,,,,,
1150,1016,N/A,,,,,,,,,,
1151,1018,N/A,,,,,,,,,,
1152,1019,Team Samui,First Division,,,,,,,,,
1153,1021,N/A,,,,,,,,,,
1154,1023,N/A,,,,,,,,,,
1155,1024,N/A,,,,,,,,,,
1156,1025,N/A,,,,,,,,,,
1157,1026,N/A,,,,,,,,,,
1158,1030,N/A,,,,,,,,,,
1159,1031,N/A,,,,,,,,,,
1160,1032,N/A,,,,,,,,,,
1161,1033,N/A,,,,,,,,,,
1162,1035,N/A,,,,,,,,,,
1163,1040,N/A,,,,,,,,,,
1164,1041,N/A,,,,,,,,,,
1165,1043,N/A,,,,,,,,,,
1166,1044,N/A,,,,,,,,,,
1167,1045,N/A,,,,,,,,,,
1168,1046,N/A,,,,,,,,,,
1169,1056,Kumo Spectators,,,,,,,,,,
1170,1057,N/A,,,,,,,,,,
1171,1062,N/A,,,,,,,,,,
1172,1064,N/A,,,,,,,,,,
1173,1065,N/A,,,,,,,,,,
1174,1067,N/A,,,,,,,,,,
1175,1071,Akagi Gang,,,,,,,,,,
1176,1072,N/A,,,,,,,,,,
1177,1075,N/A,,,,,,,,,,
1178,1078,N/A,,,,,,,,,,
1179,1080,N/A,,,,,,,,,,
1180,1081,Team Shibire,,,,,,,,,,
1181,1086,Konoha Cryptanalysis Team,,,,,,,,,,
1182,1089,N/A,,,,,,,,,,
1183,1090,N/A,,,,,,,,,,
1184,1092,N/A,,,,,,,,,,
1185,1096,N/A,,,,,,,,,,
1186,1097,N/A,,,,,,,,,,
1187,1099,N/A,,,,,,,,,,
1188,1102,N/A,,,,,,,,,,
1189,1103,N/A,,,,,,,,,,
1190,1105,Team Shiore,,,,,,,,,,
1191,1107,N/A,,,,,,,,,,
1192,1111,N/A,,,,,,,,,,
1193,1112,N/A,,,,,,,,,,
1194,1113,N/A,,,,,,,,,,
1195,1114,N/A,,,,,,,,,,
1196,1117,N/A,,,,,,,,,,
1197,1118,N/A,,,,,,,,,,
1198,1121,N/A,,,,,,,,,,
1199,1124,N/A,,,,,,,,,,
1200,1125,N/A,,,,,,,,,,
1201,1126,N/A,,,,,,,,,,
1202,1128,Second Division,,,,,,,,,,
1203,1130,N/A,,,,,,,,,,
1204,1131,N/A,,,,,,,,,,
1205,1132,N/A,,,,,,,,,,
1206,1133,N/A,,,,,,,,,,
1207,1136,N/A,,,,,,,,,,
1208,1137,N/A,,,,,,,,,,
1209,1138,N/A,,,,,,,,,,
1210,1139,N/A,,,,,,,,,,
1211,1140,N/A,,,,,,,,,,
1212,1141,N/A,,,,,,,,,,
1213,1146,Four Celestial Symbols Men,,,,,,,,,,
1214,1148,Team Ganryū,,,,,,,,,,
1215,1150,N/A,,,,,,,,,,
1216,1151,N/A,,,,,,,,,,
1217,1152,Logistical Support and Medical Division,,,,,,,,,,
1218,1153,N/A,,,,,,,,,,
1219,1156,N/A,,,,,,,,,,
1220,1159,N/A,,,,,,,,,,
1221,1160,N/A,,,,,,,,,,
1222,1161,N/A,,,,,,,,,,
1223,1162,N/A,,,,,,,,,,
1224,1164,N/A,,,,,,,,,,
1225,1167,N/A,,,,,,,,,,
1226,1168,N/A,,,,,,,,,,
1227,1169,N/A,,,,,,,,,,
1228,1170,N/A,,,,,,,,,,
1229,1171,N/A,,,,,,,,,,
1230,1172,N/A,,,,,,,,,,
1231,1175,N/A,,,,,,,,,,
1232,1176,Third Division,,,,,,,,,,
1233,1177,N/A,,,,,,,,,,
1234,1178,N/A,,,,,,,,,,
1235,1180,N/A,,,,,,,,,,
1236,1181,N/A,,,,,,,,,,
1237,1182,N/A,,,,,,,,,,
1238,1184,N/A,,,,,,,,,,
1239,1185,N/A,,,,,,,,,,
1240,1186,Surprise Attack Division,Communications Team,,,,,,,,,
1241,1187,N/A,,,,,,,,,,
1242,1188,Team Shibire,,,,,,,,,,
1243,1189,N/A,,,,,,,,,,
1244,1190,N/A,,,,,,,,,,
1245,1191,N/A,,,,,,,,,,
1246,1193,Team Yurui,,,,,,,,,,
1247,1194,N/A,,,,,,,,,,
1248,1198,N/A,,,,,,,,,,
1249,1199,N/A,,,,,,,,,,
1250,1201,N/A,,,,,,,,,,
1251,1204,N/A,,,,,,,,,,
1252,1206,N/A,,,,,,,,,,
1253,1207,N/A,,,,,,,,,,
1254,1209,N/A,,,,,,,,,,
1255,1212,Intelligence Division,,,,,,,,,,
1256,1213,N/A,,,,,,,,,,
1257,1217,N/A,,,,,,,,,,
1258,1218,N/A,,,,,,,,,,
1259,1220,N/A,,,,,,,,,,
1260,1221,N/A,,,,,,,,,,
1261,1222,N/A,,,,,,,,,,
1262,1224,Fourth Division,,,,,,,,,,
1263,1225,N/A,,,,,,,,,,
1264,1226,N/A,,,,,,,,,,
1265,1227,N/A,,,,,,,,,,
1266,1228,N/A,,,,,,,,,,
1267,1230,N/A,,,,,,,,,,
1268,1231,N/A,,,,,,,,,,
1269,1233,N/A,,,,,,,,,,
1270,1234,N/A,,,,,,,,,,
1271,1235,N/A,,,,,,,,,,
1272,1236,N/A,,,,,,,,,,
1273,1238,N/A,,,,,,,,,,
1274,1239,N/A,,,,,,,,,,
1275,1241,N/A,,,,,,,,,,
1276,1243,N/A,,,,,,,,,,
1277,1244,N/A,,,,,,,,,,
1278,1246,N/A,,,,,,,,,,
1279,1248,Scientific Ninja Weapons Team,,,,,,,,,,
1280,1249,N/A,,,,,,,,,,
1281,1250,N/A,,,,,,,,,,
1282,1251,N/A,,,,,,,,,,
1283,1252,N/A,,,,,,,,,,
1284,1253,N/A,,,,,,,,,,
1285,1254,N/A,,,,,,,,,,
1286,1257,N/A,,,,,,,,,,
1287,1258,N/A,,,,,,,,,,
1288,1261,N/A,,,,,,,,,,
1289,1262,N/A,,,,,,,,,,
1290,1263,N/A,,,,,,,,,,
1291,1264,N/A,,,,,,,,,,
1292,1266,N/A,,,,,,,,,,
1293,1267,N/A,,,,,,,,,,
1294,1268,N/A,,,,,,,,,,
1295,1269,N/A,,,,,,,,,,
1296,1271,N/A,,,,,,,,,,
1297,1272,N/A,,,,,,,,,,
1298,1273,N/A,,,,,,,,,,
1299,1275,N/A,,,,,,,,,,
1300,1277,N/A,,,,,,,,,,
1301,1278,N/A,,,,,,,,,,
1302,1281,N/A,,,,,,,,,,
1303,1285,N/A,,,,,,,,,,
1304,1286,N/A,,,,,,,,,,
1305,1287,Sea Route of Silence Gang,,,,,,,,,,
1306,1291,N/A,,,,,,,,,,
1307,1292,Konoha Military Police Force,,,,,,,,,,
1308,1294,N/A,,,,,,,,,,
1309,1295,N/A,,,,,,,,,,
1310,1297,Escort Unit,,,,,,,,,,
1311,1300,N/A,,,,,,,,,,
1312,1304,N/A,,,,,,,,,,
1313,1308,Konoha Military Police Force,,,,,,,,,,
1314,1311,Konoha Military Police Force,,,,,,,,,,
1315,1312,N/A,,,,,,,,,,
1316,1314,N/A,,,,,,,,,,
1317,1315,N/A,,,,,,,,,,
1318,1316,Konoha Military Police Force,,,,,,,,,,
1319,1317,Konoha Military Police Force,,,,,,,,,,
1320,1318,Medic Corps,,,,,,,,,,
1321,1319,N/A,,,,,,,,,,
1322,1322,N/A,,,,,,,,,,
1323,1324,N/A,,,,,,,,,,
1324,1326,N/A,,,,,,,,,,
1325,1327,N/A,,,,,,,,,,
1326,1328,N/A,,,,,,,,,,
1327,1329,N/A,,,,,,,,,,
1328,1331,N/A,,,,,,,,,,
1329,1332,N/A,,,,,,,,,,
1330,1334,N/A,,,,,,,,,,
1331,1347,N/A,,,,,,,,,,
1332,1348,N/A,,,,,,,,,,
1333,1349,N/A,,,,,,,,,,
1334,1351,N/A,,,,,,,,,,
1335,1352,N/A,,,,,,,,,,
1336,1354,Moya Triad,,,,,,,,,,
1337,1355,N/A,,,,,,,,,,
1338,1357,N/A,,,,,,,,,,
1339,1358,N/A,,,,,,,,,,
1340,1360,Team Orochimaru,Team Kabuto,Twenty Platoons  (Anime only),,,,,,,,
1341,1363,N/A,,,,,,,,,,
1342,1366,Allied Mothers Force,,,,,,,,,,
1343,1371,N/A,,,,,,,,,,
1344,1378,N/A,,,,,,,,,,
1345,1379,Logistical Support and Medical Division,,,,,,,,,,
1346,1380,N/A,,,,,,,,,,
1347,1381,Sumo Wrestlers,,,,,,,,,,
1348,1384,N/A,,,,,,,,,,
1349,1388,N/A,,,,,,,,,,
1350,1392,N/A,,,,,,,,,,
1351,1393,N/A,,,,,,,,,,
1352,1395,N/A,,,,,,,,,,
1353,1398,N/A,,,,,,,,,,
1354,1399,N/A,,,,,,,,,,
1355,1402,Team Matsuri,Fourth Division,,,,,,,,,
1356,1403,N/A,,,,,,,,,,
1357,1404,N/A,,,,,,,,,,
1358,1406,N/A,,,,,,,,,,
1359,1407,N/A,,,,,,,,,,
1360,1408,N/A,,,,,,,,,,
1361,1409,Suna Council,,,,,,,,,,
1362,1410,Konoha Cryptanalysis Team,,,,,,,,,,
1363,1414,Third Division,,,,,,,,,,
1364,1415,N/A,,,,,,,,,,
1365,1416,N/A,,,,,,,,,,
1366,1417,N/A,,,,,,,,,,
1367,1419,N/A,,,,,,,,,,
1368,1420,N/A,,,,,,,,,,
1369,1421,N/A,,,,,,,,,,
1370,1423,N/A,,,,,,,,,,
1371,1429,N/A,,,,,,,,,,
1372,32,N/A,,,,,,,,,,
1373,53,N/A,,,,,,,,,,
1374,67,Lightning Group,,,,,,,,,,
1375,86,N/A,,,,,,,,,,
1376,95,N/A,,,,,,,,,,
1377,142,N/A,,,,,,,,,,
1378,171,N/A,,,,,,,,,,
1379,172,N/A,,,,,,,,,,
1380,187,N/A,,,,,,,,,,
1381,189,N/A,,,,,,,,,,
1382,234,N/A,,,,,,,,,,
1383,285,Ryūha Armament Alliance,,,,,,,,,,
1384,330,N/A,,,,,,,,,,
1385,334,N/A,,,,,,,,,,
1386,340,N/A,,,,,,,,,,
1387,349,N/A,,,,,,,,,,
1388,366,N/A,,,,,,,,,,
1389,395,N/A,,,,,,,,,,
1390,412,N/A,,,,,,,,,,
1391,454,Suna Council,,,,,,,,,,
1392,474,N/A,,,,,,,,,,
1393,525,N/A,,,,,,,,,,
1394,580,N/A,,,,,,,,,,
1395,585,N/A,,,,,,,,,,
1396,603,N/A,,,,,,,,,,
1397,607,N/A,,,,,,,,,,
1398,634,N/A,,,,,,,,,,
1399,650,N/A,,,,,,,,,,
1400,654,Team Ro,,,,,,,,,,
1401,659,N/A,,,,,,,,,,
1402,662,N/A,,,,,,,,,,
1403,679,N/A,,,,,,,,,,
1404,685,N/A,,,,,,,,,,
1405,705,N/A,,,,,,,,,,
1406,740,N/A,,,,,,,,,,
1407,742,N/A,,,,,,,,,,
1408,763,N/A,,,,,,,,,,
1409,769,N/A,,,,,,,,,,
1410,784,N/A,,,,,,,,,,
1411,816,N/A,,,,,,,,,,
1412,830,Team Shū,,,,,,,,,,
1413,856,Team Shū,,,,,,,,,,
1414,892,N/A,,,,,,,,,,
1415,904,N/A,,,,,,,,,,
1416,919,N/A,,,,,,,,,,
1417,961,N/A,,,,,,,,,,
1418,978,N/A,,,,,,,,,,
1419,994,N/A,,,,,,,,,,
1420,1039,N/A,,,,,,,,,,
1421,1060,N/A,,,,,,,,,,
1422,1095,N/A,,,,,,,,,,
1423,1157,N/A,,,,,,,,,,
1424,1163,Team 2,,,,,,,,,,
1425,1219,N/A,,,,,,,,,,
1426,1284,Team Shū,,,,,,,,,,
1427,1290,N/A,,,,,,,,,,
1428,1298,Konoha Military Police Force,,,,,,,,,,
1429,1422,N/A,,,,,,,,,,
1430,1424,N/A,,,,,,,,,,
1431,1430,N/A,,,,,,,,,,
